verdict,confidence,tier,brand_guess,matched_alias,match_location,flags,id,name,display_name,sku,category,price,stock,store_stock,needs_attention,decision,note
KEEP,high,B,Labubu,LABUBU,name,images=1,cmryqidp100ownrx4sepdzx3u,BANDO BULU LABUBU KA-KI,Aksesoris Fashion Anak Bando Bulu Labubu Ka-Ki,P-24110290,Aksesoris & Fashion,20000,6,0,,,
KEEP,high,B,Sanrio,SANRIO,name,images=1,cmryqidst00oynrx4pgwgbf8h,BANDO BULU SANRIO,Aksesoris Fashion Anak Bando Bulu Sanrio,P-24120781,Aksesoris & Fashion,20000,6,0,,,
KEEP,high,B,Sanrio,SANRIO,name,images=1,cmryqie0800p2nrx495vrnjfj,BANDO TELINGA LAMPU SANRIO MO3,Aksesoris Fashion Anak Bando Telinga Lampu Sanrio MO3,P-24120155,Aksesoris & Fashion,15000,12,0,,,
KEEP,high,A,Barbie,BARBIE,name,images=1,cmryqief600p9nrx4dj2tb2xt,BARBIE RAMBUT LURUS,Aksesoris Fashion Anak Barbie Rambut Lurus,8990001164196,Aksesoris & Fashion,13500,12,0,,,
KEEP,high,B,Labubu,LABUBU,name,images=1,cmryqinde00u1nrx4m28jku1x,GELANG HITAM MAGNET LABUBU,Aksesoris Fashion Anak Gelang Hitam Magnet Labubu,P-24100742,Aksesoris & Fashion,5000,48,0,,,
KEEP,high,B,Sanrio,SANRIO,name,images=1;in_carts=1,cmryqinh200u3nrx4ijixjid9,GELANG SANRIO 7500,Aksesoris Fashion Anak Gelang Sanrio 7500,P-24100691,Aksesoris & Fashion,7500,24,0,,,
KEEP,high,B,Sanrio,SANRIO,name,images=1,cmryqiqaq00vlnrx4uyjm1aub,JAM TANGAN ANAK SANRIO EO4,Aksesoris Fashion Anak Jam Tangan Anak Sanrio EO4,P-24090585,Aksesoris & Fashion,35000,12,0,,,
KEEP,high,B,Sanrio,SANRIO,name,images=1,cmryqiqee00vnnrx4pj1grdxo,JAM TANGAN ANAK SANRIO JIO3,Aksesoris Fashion Anak Jam Tangan Anak Sanrio JIO3,P-24090583,Aksesoris & Fashion,27000,12,0,,,
KEEP,high,B,Marvel,SPIDER-MAN,name,images=1,cmryqjdx40187nrx4kddorw71,SANDAL ANAK COWOK SPIDERMAN MO3,Aksesoris Fashion Anak Sandal Anak Cowok Spiderman MO3,P-23080540,Aksesoris & Fashion,13000,30,0,,,
KEEP,high,B,Sanrio,HELLO KITTY,name,images=1,cmryqjeur018pnrx4kel3z1kb,SETIR+KCMATA BO SET 6020A HELLO KITTY,Kacamata Anak Setir+Kcmata Bo Set 6020A Hello Kitty,P-23061008,Aksesoris & Fashion,19000,12,0,,,
KEEP,high,B,Sanrio,MY MELODY,name,images=1,cmryqjfh50191nrx4iw9mkhiz,SISIR ANAK DSET MY MELODY,Aksesoris Fashion Anak Sisir Anak Dset My Melody,P-24060071,Aksesoris & Fashion,4500,40,0,,,
KEEP,high,C,Kiky,KIKY,name,images=1,cmryqjj8o01b1nrx4lsplza9b,TAS BATIK KIKY C,Tas Anak Lucu Batik Kiky C,8990001423385,Aksesoris & Fashion,9000,180,0,,,
KEEP,high,B,Sanrio,CINNAMOROLL,name,images=1,cmryqjjg201b5nrx4sz9qclfl,TAS R CINNAMOROLL LAMPU,Tas Anak Lucu R Cinnamoroll Lampu,P-25040431,Aksesoris & Fashion,45000,3,0,,,
KEEP,high,B,Labubu,LABUBU,name,images=1,cmryqjjjq01b7nrx415ilguy8,TAS TALI TIDUR 3207 LABUBU M,Tas Anak Lucu Tali Tidur 3207 Labubu M,P-24110726,Aksesoris & Fashion,10000,24,0,,,
KEEP,high,B,Sanrio,SANRIO,name,images=1,cmryqiben00nqnrx43bzlaaac,ASAHAN 158 SANRIO,Alat Tulis Sekolah Asahan 158 Sanrio,P-24020402,Alat Tulis,5000,216,0,,,
KEEP,high,B,Disney,MICKEY,name,images=1,cmryqibpu00nwnrx4yc2z8obv,ASAHAN KPL MICKEY,Alat Tulis Sekolah Asahan Kpl Mickey,8990001122431,Alat Tulis,3000,7,0,,,
KEEP,high,B,Sanrio,KUROMI,name,images=1,cmryqibth00nynrx4ls2ccj77,ASAHAN KUROMI 623,Alat Tulis Sekolah Asahan Kuromi 623,P-24070686,Alat Tulis,4000,156,0,,,
KEEP,high,C,Kenko,KENKO,name,images=1,cmryqibx400o0nrx419nr9qsd,ASAHAN MEJA F-1 KENKO,Alat Tulis Sekolah Asahan Meja F-1 Kenko,8990001081615,Alat Tulis,27000,12,0,,,
KEEP,high,B,Sanrio,SANRIO,name,images=1,cmryqic4j00o4nrx4vlg4xt60,ASAHAN SANRIO 7048,Alat Tulis Sekolah Asahan Sanrio 7048,P-24110974,Alat Tulis,4000,72,0,,,
KEEP,high,C,Kenko,KENKO,name,images=1,cmryqic8900o6nrx4qojfhice,ASAHAN SP-68 KENKO,Alat Tulis Sekolah Asahan SP-68 Kenko,P-24110198,Alat Tulis,4000,72,0,,,
KEEP,high,C,Kenko,KENKO,name,images=1,cmryqicco00o8nrx4hhcmi7ea,ASAHAN SP-71 KENKO,Alat Tulis Sekolah Asahan SP-71 Kenko,8990001316823,Alat Tulis,3000,168,0,,,
KEEP,high,C,Kenko,KENKO,name,images=1,cmryqigdx00qbnrx4mev0dx4q,BINDER CLIP NO 155 KENKO,Alat Tulis Sekolah Binder Clip No 155 Kenko,P-24110307,Alat Tulis,8000,36,0,,,
KEEP,high,C,Kenko,KENKO,name,images=1,cmryqighn00qdnrx4988izxd8,BINDER CLIPS 107 KENKO/PAK,Alat Tulis Sekolah Binder Clips 107 Kenko/Pak,8990001180745,Alat Tulis,4500,120,0,,,
KEEP,high,C,Kenko,KENKO,name,images=1,cmryqiglc00qfnrx4ulh3tza7,BINDER CLIPS 111 KENKO/PAK,Alat Tulis Sekolah Binder Clips 111 Kenko/Pak,8990001180714,Alat Tulis,6000,54,0,,,
KEEP,high,C,Kenko,KENKO,name,images=1,cmryqigt400qjnrx46pfktfge,BINDER CLIPS 200 KENKO,Alat Tulis Sekolah Binder Clips 200 Kenko,P-23060471,Alat Tulis,1500,240,0,,,
KEEP,high,C,Kenko,KENKO,name,images=1,cmryqigwx00qlnrx4gpvp1s5n,BINDER CLIPS 260 KENKO,Alat Tulis Sekolah Binder Clips 260 Kenko,8990001180776,Alat Tulis,2000,180,0,,,
KEEP,high,B,Labubu,LABUBU,name,images=1,cmryqii5w00r9nrx4bwxvu7za,BOLPEN GEL G-8057 LABUBU JS PAK,Alat Tulis Sekolah Bolpen Gel G-8057 Labubu Js Pak,P-24120379,Alat Tulis,22500,6,0,,,
KEEP,high,C,Kenko,KENKO,name,images=1,cmryqiish00rlnrx4d2kqpaig,BOLPEN KENKO KE-100TJ 1PAK,Alat Tulis Sekolah Bolpen Kenko KE-100TJ 1PAK,P-23060061,Alat Tulis,27500,192,0,,,
KEEP,high,C,Pilot,PILOT,name,images=1,cmryqijb700rvnrx4mfozaeea,BOLPEN PILOT BPT-P1 PERPAK,Alat Tulis Sekolah Bolpen Pilot BPT-P1 Perpak,8990001113545,Alat Tulis,24000,18,0,,,
KEEP,high,C,Sidu,SIDU,name,images=1,cmryqil3600stnrx4rpghlued,BUKU BOXY SIDU MAXI/PAK,Perlengkapan Kantor Buku Boxy Sidu Maxi/Pak,8990001840786,Alat Tulis,29000,28,0,,,
KEEP,high,B,Sanrio,SANRIO,name,images=1,cmryqil6z00svnrx47ifuxpvi,BUKU GAMBAR A4 GELATIK SANRIO,Alat Tulis Sekolah Buku Gambar A4 Gelatik Sanrio,P-24090083,Alat Tulis,3500,60,0,,,
KEEP,high,C,Kenko,KENKO,name,images=1,cmryqillx00t3nrx46c94mane,CUTTER A-300 KENKO,Perlengkapan Kantor Cutter A-300 Kenko,8990001070855,Alat Tulis,5500,144,0,,,
KEEP,high,B,Sanrio,KUROMI,name,images=1,cmryqilpn00t5nrx4x1xefl3d,DIARY SPIRAL 355 KUROMI,Alat Tulis Sekolah Diary Spiral 355 Kuromi,P-24090025,Alat Tulis,4000,24,0,,,
KEEP,high,C,Kenko,KENKO,name,images=1,cmryqioq800urnrx4ltox8ue3,GUNTING KENKO SC-828,Alat Tulis Sekolah Gunting Kenko SC-828,8990001813070,Alat Tulis,6500,696,0,,,
KEEP,high,C,Kenko,KENKO,name,images=1,cmryqioxw00uvnrx4pzskxdme,GUNTING SET 848N KENKO,Alat Tulis Sekolah Gunting Set 848N Kenko,8990001262755,Alat Tulis,13500,170,0,,,
KEEP,high,C,Kenko,KENKO,name,images=1,cmryqipkj00v7nrx4t9928of8,ISI CUTTER A-100 KENKO,Perlengkapan Kantor Isi Cutter A-100 Kenko,8990001034864,Alat Tulis,4000,360,0,,,
KEEP,high,C,Kenko,KENKO,name,images=1,cmryqipo700v9nrx4c9z9husa,ISI CUTTER L-150 BSR KENKO,Perlengkapan Kantor Isi Cutter L-150 Bsr Kenko,P-24020752,Alat Tulis,8000,264,0,,,
KEEP,high,C,Kenko,KENKO,name,images=1,cmryqitoi00xfnrx4w24wyk1m,LEM GLUE STICK KENKO 15 GR,Alat Tulis Sekolah Lem Glue Stick Kenko 15 Gr,8990001613199,Alat Tulis,5000,760,0,,,
KEEP,high,C,Kenko,KENKO,name,images=1,cmryqits500xhnrx4lz9axfn5,LEM GLUE STICK KENKO 25 GR,Alat Tulis Sekolah Lem Glue Stick Kenko 25 Gr,8990001613236,Alat Tulis,7500,540,0,,,
KEEP,high,C,Kenko,KENKO,name,images=1,cmryqitvu00xjnrx47rz16puh,LEM GLUE STICK KENKO 8GR,Alat Tulis Sekolah Lem Glue Stick Kenko 8GR,P-26050253,Alat Tulis,3500,30,0,,,
KEEP,high,C,Joyko,JOYKO,name,images=1,cmryqitzl00xlnrx40gkvu0cw,LEM STIK JOYKO GS-09,Alat Tulis Sekolah Lem Stik Joyko GS-09,8990001160976,Alat Tulis,3500,36,0,,,
KEEP,high,C,Joyko,JOYKO,name,images=1,cmryqiu3c00xnnrx46zrkh30m,LEM STIK JOYKO GS-15,Alat Tulis Sekolah Lem Stik Joyko GS-15,8990001160969,Alat Tulis,5000,12,0,,,
KEEP,high,C,Kiky,KIKY,name,images=1,cmryqiyrz0105nrx4os5xg8o2,MAP BINDER B5 KIKY,Alat Tulis Sekolah Map Binder B5 Kiky,8990001782543,Alat Tulis,30000,74,0,,,
KEEP,high,C,Kenko,KENKO,name,images=1,cmryqiyvs0107nrx4epnklj9w,MAP CLEAR HOLDER CH-920 KENKO 20 LEMBAR,Alat Tulis Sekolah Map Clear Holder CH-920 Kenko 20 Lembar,P-23071043,Alat Tulis,22500,7,0,,,
KEEP,high,C,Kiky,KIKY,name,images=1,cmryqizem010hnrx4mm020o61,MEMO MINI LUX KIKY 10,Alat Tulis Sekolah Memo Mini Lux Kiky 10,8990001331758,Alat Tulis,3500,30,0,,,
KEEP,high,B,Sanrio,SANRIO,name,images=1,cmryqj01m010tnrx4g2ozt30c,NOTES SPIRAL 111 SANRIO,Alat Tulis Sekolah Notes Spiral 111 Sanrio,P-24010042,Alat Tulis,7500,12,0,,,
KEEP,high,B,Sanrio,SANRIO,name,images=1,cmryqj05c010vnrx4ub97dkaq,NOTES SPIRAL XQ-6406 SANRIO,Alat Tulis Sekolah Notes Spiral XQ-6406 Sanrio,P-23120791,Alat Tulis,8500,42,0,,,
KEEP,high,C,Joyko,JOYKO,name,images=1,cmryqj0k40113nrx4ib81ja5c,PAPER CLIP C-5CS JOYKO,Alat Tulis Sekolah Paper Clip C-5CS Joyko,P-24090101,Alat Tulis,6500,9,0,,,
KEEP,high,C,Kenko,KENKO,name,images=1,cmryqj0nt0115nrx4blwuokbz,PAPER CLIP NO 3 KENKO,Alat Tulis Sekolah Paper Clip No 3 Kenko,8990001165933,Alat Tulis,2500,60,0,,,
KEEP,high,C,Kenko,KENKO,name,images=1,cmryqj0ri0117nrx4hmly8a97,PAPER CLIPS 3100 KENKO,Alat Tulis Sekolah Paper Clips 3100 Kenko,P-23070584,Alat Tulis,5000,276,0,,,
KEEP,high,C,Kenko,KENKO,name,images=1,cmryqj0v60119nrx4bb57q7cn,PAPER CLIPS KENKO PC-3100ZPP,Alat Tulis Sekolah Paper Clips Kenko PC-3100ZPP,P-23041017,Alat Tulis,7500,36,0,,,
KEEP,high,C,Kenko,KENKO,name,images=1,cmryqj0yx011bnrx4h4ru0quw,PAPER FASTENER KENKO PUTIH 10 PCS,Alat Tulis Sekolah Paper Fastener Kenko Putih 10 Pcs,P-23050711,Alat Tulis,4000,150,0,,,
KEEP,high,C,Kenko,KENKO,name,images=1,cmryqj12q011dnrx4bhsdyxv0,PAPER FASTENER KENKO WARNA 10 PCS,Alat Tulis Sekolah Paper Fastener Kenko Warna 10 Pcs,P-23050712,Alat Tulis,4000,150,0,,,
KEEP,high,C,Snowman,SNOWMAN,name,images=1,cmryqj20l011vnrx49ibwremx,PEN CETIT SNOWMAN V5 PAK,Alat Tulis Sekolah Pen Cetit Snowman V5 Pak,P-23070742,Alat Tulis,42500,63,0,,,
KEEP,high,C,Zebra,ZEBRA,name,images=1,cmryqj2c70121nrx4656e8rzg,PEN GEL CETIT KOKORO ZEBRA,Alat Tulis Sekolah Pen Gel Cetit Kokoro Zebra,P-24100260,Alat Tulis,8000,72,0,,,
KEEP,high,C,Kenko,KENKO,name,images=1,cmryqj2fx0123nrx4ad5f6k7n,PEN GEL EASY GEL KENKO 1 PAK,Alat Tulis Sekolah Pen Gel Easy Gel Kenko 1 Pak,8990001607082,Alat Tulis,34000,27,0,,,
KEEP,high,C,Kenko,KENKO,name,images=1,cmryqj2wm012bnrx42unfoyds,PEN GEL KE-303ER KENKO PERPAK,Alat Tulis Sekolah Pen Gel KE-303ER Kenko Perpak,P-24090641,Alat Tulis,30000,55,0,,,
KEEP,high,C,Kenko,KENKO,name,images=1,cmryqj341012fnrx4p4pjo98q,PEN GEL KENKO INDO GEL PAK,Alat Tulis Sekolah Pen Gel Kenko Indo Gel Pak,8990001794041,Alat Tulis,35000,6,0,,,
KEEP,high,C,Kenko,KENKO,name,images=1,cmryqj3bd012jnrx4ktq35e99,PEN GEL KENKO KE-200 1PAK,Alat Tulis Sekolah Pen Gel Kenko KE-200 1PAK,8990001527526,Alat Tulis,32000,71,0,,,
KEEP,high,C,Kenko,KENKO,name,images=1,cmryqj3f3012lnrx42g1ltfn8,PEN GEL KENKO KE-600 1PAK,Alat Tulis Sekolah Pen Gel Kenko KE-600 1PAK,8990001527564,Alat Tulis,35000,44,0,,,
KEEP,high,C,Pilot,PILOT,name,images=1,cmryqj3ip012nnrx4l1aq2un6,PEN GEL PILOT BALL LINER ECER,Alat Tulis Sekolah Pen Gel Pilot Ball Liner Ecer,8990001696611,Alat Tulis,20000,72,0,,,
KEEP,high,C,Kenko,KENKO,name,images=1,cmryqj3md012pnrx45otmwvtk,PEN GEL SP-100SG STAND PEN KENKO,Alat Tulis Sekolah Pen Gel SP-100SG Stand Pen Kenko,8990001804269,Alat Tulis,7500,6,0,,,
KEEP,high,C,Kenko,KENKO,name,images=1,cmryqj3xk012vnrx4a73e4a39,PEN GEL T-100 KENKO PERPAK,Alat Tulis Sekolah Pen Gel T-100 Kenko Perpak,P-24090639,Alat Tulis,27500,9,0,,,
KEEP,high,B,Sanrio,SANRIO,name,images=1,cmryqj44z012znrx4mto3kfc5,PEN HAPUS 9057 BANDUL SANRIO ECER,Alat Tulis Sekolah Pen Hapus 9057 Bandul Sanrio Ecer,P-24020007,Alat Tulis,4000,144,0,,,
KEEP,high,C,Kenko,KENKO,name,images=1,cmryqj4cf0133nrx4l5vc7fqp,PEN HI-TECH-H KENKO PAK,Alat Tulis Sekolah Pen Hi-Tech-H Kenko Pak,P-24010273,Alat Tulis,50000,60,0,,,
KEEP,high,C,Kenko,KENKO,name,images=1,cmryqj4r5013bnrx4ma1b5suh,PEN KENKO K-1 PRO PERPAK,Alat Tulis Sekolah Pen Kenko K-1 Pro Perpak,P-24070514,Alat Tulis,52000,13,0,,,
KEEP,high,C,Kenko,KENKO,name,images=1,cmryqj4uu013dnrx4r54ow86z,PEN KENKO K-1/PAK,Alat Tulis Sekolah Pen Kenko K-1/PAK,8990001775699,Alat Tulis,35000,279,0,,,
KEEP,high,B,Labubu,LABUBU,name,images=1,cmryqj4yh013fnrx4xfgs5xmk,PEN LABUBU XIAOBU/PAK,Alat Tulis Sekolah Pen Labubu Xiaobu/Pak,P-24110244,Alat Tulis,29000,72,0,,,
KEEP,high,C,Zebra,ZEBRA,name,images=1,cmryqj52a013hnrx4epcdknww,PEN PIC KNOCK ZEBRA 1 PAK,Alat Tulis Sekolah Pen Pic Knock Zebra 1 Pak,P-23040247,Alat Tulis,40000,12,0,,,
KEEP,high,C,Pilot,PILOT,name,images=1,cmryqj55z013jnrx4o3n69pw1,PEN PILOT 1PAK,Alat Tulis Sekolah Pen Pilot 1PAK,8990001528561,Alat Tulis,25000,63,0,,,
KEEP,high,C,Snowman,SNOWMAN,name,images=1,cmryqj59q013lnrx4lg2ma9jg,PEN SNOWMAN V-3 1 PAK,Alat Tulis Sekolah Pen Snowman V-3 1 Pak,8990001485079,Alat Tulis,35000,24,0,,,
KEEP,high,C,Snowman,SNOWMAN,name,images=1,cmryqj5l0013rnrx4qxyfpb1o,PEN V-1 SNOWMAN PERPAK,Alat Tulis Sekolah Pen V-1 Snowman Perpak,8990001607846,Alat Tulis,26000,42,0,,,
KEEP,high,C,Snowman,SNOWMAN,name,images=1,cmryqj5or013tnrx46puuf727,PEN V-2 SNOWMAN FINE/PAK,Alat Tulis Sekolah Pen V-2 Snowman Fine/Pak,8990001692248,Alat Tulis,26000,27,0,,,
KEEP,high,C,Snowman,SNOWMAN,name,images=1,cmryqj5wd013xnrx4ce61wrf7,PEN V-3 SNOWMAN PERPAK,Alat Tulis Sekolah Pen V-3 Snowman Perpak,P-26061120,Alat Tulis,37500,6,0,,,
KEEP,high,B,Sanrio,SANRIO,name,images=1,cmryqj6800143nrx4hh1tfcbu,PENGGARIS VC-073 SANRIO 30CM,Alat Tulis Sekolah Penggaris VC-073 Sanrio 30CM,P-24080389,Alat Tulis,3500,168,0,,,
KEEP,high,A,Faber-Castell,FABER-CASTELL,name,images=1,cmryqj6fh0147nrx4qrgkw5ok,PENGHAPUS PUTIH BSR FABER-CASTELL,Alat Tulis Sekolah Penghapus Putih Bsr Faber-Castell,P-24110197,Alat Tulis,10000,20,0,,,
KEEP,high,C,Kenko,KENKO,name,images=1,cmryqj6mt014bnrx4tqecrwbg,PENSIL 2B 0191 PEARL KENKO PAK,Alat Tulis Sekolah Pensil 2B 0191 Pearl Kenko Pak,P-25010551,Alat Tulis,12500,12,0,,,
KEEP,high,C,Kenko,KENKO,name,images=1,cmryqj6qh014dnrx4inblr6pd,PENSIL 2B 0192 KENKO/PAK,Alat Tulis Sekolah Pensil 2B 0192 Kenko/Pak,8990001758067,Alat Tulis,13500,21,0,,,
KEEP,high,B,Sanrio,SANRIO,name,images=1,cmryqj6u5014fnrx463s8unq4,PENSIL 2B 3661 SANRIO PAK,Alat Tulis Sekolah Pensil 2B 3661 Sanrio Pak,P-24081100,Alat Tulis,14500,25,0,,,
KEEP,high,C,Joyko,JOYKO,name,images=1,cmryqj75c014lnrx4qmjqajgs,PENSIL 2B JOYKO P-88 PAK,Alat Tulis Sekolah Pensil 2B Joyko P-88 Pak,P-25010354,Alat Tulis,12000,15,0,,,
KEEP,high,C,Kenko,KENKO,name,images=1,cmryqj7co014pnrx4ipm2ax3z,PENSIL 2B KENKO 6120 DOODLE/PAK,Alat Tulis Sekolah Pensil 2B Kenko 6120 Doodle/Pak,8990001788170,Alat Tulis,12000,40,0,,,
KEEP,high,C,Kenko,KENKO,name,images=1,cmryqj7gd014rnrx4udu8ali3,PENSIL 2B KENKO 6161/PAK,Alat Tulis Sekolah Pensil 2B Kenko 6161/PAK,P-23070170,Alat Tulis,12000,12,0,,,
KEEP,high,C,Staedtler,STAEDTLER,name,images=1,cmryqj7va014znrx4sh9mypt1,PENSIL 2B STAEDTLER ECER,Alat Tulis Sekolah Pensil 2B Staedtler Ecer,P-24010254,Alat Tulis,4000,732,0,,,
KEEP,high,C,Staedtler,STAEDTLER,name,images=1,cmryqj7yz0151nrx49sinh0z6,PENSIL 2B STAEDTLER PACK,Alat Tulis Sekolah Pensil 2B Staedtler Pack,8990001694518,Alat Tulis,51500,12,0,,,
KEEP,high,C,Kenko,KENKO,name,images=1,cmryqj8ab0157nrx4gxei8ysx,PENSIL 6120 KENKO/PAK,Alat Tulis Sekolah Pensil 6120 Kenko/Pak,P-23080319,Alat Tulis,12000,27,0,,,
KEEP,high,C,Kenko,KENKO,name,images=1,cmryqj8ek0159nrx4l88pr843,PENSIL 6800 KENKO PAK,Alat Tulis Sekolah Pensil 6800 Kenko Pak,P-23110067,Alat Tulis,13000,12,0,,,
KEEP,high,A,Faber-Castell,FABER-CASTELL,name,images=1,cmryqj8tm015hnrx4538ue2ws,PENSIL FABER CASTELL ECER,Alat Tulis Sekolah Pensil Faber Castell Ecer,8990001714957,Alat Tulis,5000,2664,0,,,
KEEP,high,A,Faber-Castell,FABER-CASTELL,name,images=1,cmryqj8xg015jnrx4pa3dyzxn,PENSIL FABER CASTELL PERPAK,Alat Tulis Sekolah Pensil Faber Castell Perpak,P-26060872,Alat Tulis,60000,15,0,,,
KEEP,high,C,Kenko,KENKO,name,images=1,cmryqj916015lnrx43mbvc151,PENSIL KENKO 0810 1PAK,Alat Tulis Sekolah Pensil Kenko 0810 1PAK,8990001397624,Alat Tulis,13000,36,0,,,
KEEP,high,C,Kenko,KENKO,name,images=1,cmryqj950015nnrx4huzvyuvy,PENSIL KENKO 0820 1 PAK,Alat Tulis Sekolah Pensil Kenko 0820 1 Pak,8990001744350,Alat Tulis,16500,54,0,,,
KEEP,high,C,Kenko,KENKO,name,images=1,cmryqj98t015pnrx4h33ifwwv,PENSIL KENKO 6181/PAK,Alat Tulis Sekolah Pensil Kenko 6181/PAK,8990001195848,Alat Tulis,12500,84,0,,,
KEEP,high,C,Kenko,KENKO,name,images=1,cmryqj9g7015tnrx4s4c7lgyq,PENSIL KENKO 6191/ PAK,Alat Tulis Sekolah Pensil Kenko 6191/ Pak,8990001191369,Alat Tulis,12500,51,0,,,
KEEP,high,C,Kenko,KENKO,name,images=1,cmryqj9jv015vnrx4yh9qdqvk,PENSIL KENKO 6388 ZOO N ZOO/PAK,Alat Tulis Sekolah Pensil Kenko 6388 Zoo N Zoo/Pak,8990001758050,Alat Tulis,13000,60,0,,,
KEEP,high,C,Kenko,KENKO,name,images=1,cmryqj9uy0161nrx4ie25vib3,PENSIL MEKANIK MP-070 KENKO B,Alat Tulis Sekolah Pensil Mekanik MP-070 Kenko B,P-23081231,Alat Tulis,3000,228,0,,,
KEEP,high,C,Joyko,JOYKO,name,images=1,cmryqja2d0165nrx4m7v8pgxp,PENSIL P-8132 JOYKO/PAK JOURNEY,Alat Tulis Sekolah Pensil P-8132 Joyko/Pak Journey,P-24090099,Alat Tulis,15000,1,0,,,
KEEP,high,C,Kenko,KENKO,name,images=1,cmryqja9o0169nrx413krirpq,PENSIL WARNA CP-12F CLASSIC KENKO,Alat Tulis Sekolah Pensil Warna CP-12F Classic Kenko,P-25010500,Alat Tulis,14000,84,0,,,
KEEP,high,C,Kenko,KENKO,name,images=1,cmryqjadc016bnrx4oj3aolrf,PENSIL WARNA CP-12FBC KENKO,Alat Tulis Sekolah Pensil Warna CP-12FBC Kenko,8990001435944,Alat Tulis,16000,180,0,,,
KEEP,high,C,Kenko,KENKO,name,images=1,cmryqjaoh016hnrx46dmc4gwx,PENSIL WARNA CP-24F 24 WARNA KENKO,Alat Tulis Sekolah Pensil Warna CP-24F 24 Warna Kenko,8990001402489,Alat Tulis,28000,162,0,,,
KEEP,high,C,Kenko,KENKO,name,images=1,cmryqjas7016jnrx4f7brcgus,PENSIL WARNA CP-24FBC KENKO,Alat Tulis Sekolah Pensil Warna CP-24FBC Kenko,P-24020748,Alat Tulis,32000,77,0,,,
KEEP,high,C,Kenko,KENKO,name,images=1,cmryqjavw016lnrx4ypn5f52w,PENSIL WARNA CP-24FNW 24 WARNA NON WOOD KENKO,Alat Tulis Sekolah Pensil Warna CP-24FNW 24 Warna Non Wood Kenko,P-24120425,Alat Tulis,23000,75,0,,,
KEEP,high,A,Faber-Castell,FABER-CASTELL,name,images=1,cmryqjb3d016pnrx48n8lsnxy,PENSIL WARNA FABER-CASTELL 24WRN CHY B,Alat Tulis Sekolah Pensil Warna Faber-Castell 24WRN Chy B,P-25080394,Alat Tulis,82500,12,0,,,
KEEP,high,C,Kenko,KENKO,name,images=1,cmryqjb7t016rnrx4580it93n,PENSIL WARNA KENKO CP-12F KALENG,Alat Tulis Sekolah Pensil Warna Kenko CP-12F Kaleng,8990001180820,Alat Tulis,22000,30,0,,,
KEEP,high,C,Kenko,KENKO,name,images=1,cmryqjbbk016tnrx4vfcx78ya,PENSIL WARNA KENKO CP24F,Alat Tulis Sekolah Pensil Warna Kenko CP24F,8990001052752,Alat Tulis,26500,90,0,,,
KEEP,high,C,Kenko,KENKO,name,images=1,cmryqjbfe016vnrx45lci82z7,PENSIL WARNA KENKO NON WOOD,Alat Tulis Sekolah Pensil Warna Kenko Non Wood,8990001396405,Alat Tulis,11000,145,0,,,
KEEP,high,B,Sanrio,HELLO KITTY,name,images=1,cmryqjcd2017dnrx4g1m1kyli,POST IT DIARY N2008 HELLO KITTY,Perlengkapan Kantor Post It Diary N2008 Hello Kitty,P-24110955,Alat Tulis,12000,12,0,,,
KEEP,high,C,Snowman,SNOWMAN,name,images=1,cmryqjczf017pnrx4yykirzn0,REFILL PEN SNOWMAN,Alat Tulis Sekolah Refill Pen Snowman,8990001132010,Alat Tulis,1600,120,0,,,
KEEP,high,C,Snowman,SNOWMAN,name,images=1,cmryqjd71017tnrx4xp5gwwhm,REFILL TINTA WHITE BOARD SNOWMAN,Alat Tulis Sekolah Refill Tinta White Board Snowman,8990001423255,Alat Tulis,19000,36,0,,,
KEEP,high,C,Joyko,JOYKO,name,images=1,cmryqje0v0189nrx4q2bo5mgs,SETIP ER-115 JOYKO,Alat Tulis Sekolah Setip ER-115 Joyko,P-25090008,Alat Tulis,1600,90,0,,,
KEEP,high,C,Kenko,KENKO,name,images=1,cmryqje4j018bnrx4t7eht4al,SETIP ERB-30L KENKO,Alat Tulis Sekolah Setip ERB-30L Kenko,8990001728008,Alat Tulis,1500,180,0,,,
KEEP,high,A,Faber-Castell,FABER-CASTELL,name,images=1,cmryqje88018dnrx4sv396tyi,SETIP HITAM FABER CASTELL,Alat Tulis Sekolah Setip Hitam Faber Castell,8990001719884,Alat Tulis,3500,1840,0,,,
KEEP,high,C,Kenko,KENKO,name,images=1,cmryqjebz018fnrx4pz5q25qr,SETIP KENKO 20SQ,Alat Tulis Sekolah Setip Kenko 20SQ,8990001173471,Alat Tulis,2000,20,0,,,
KEEP,high,C,Kenko,KENKO,name,images=1,cmryqjefo018hnrx42w1h4rz8,SETIP KENKO ERW-40SQ,Alat Tulis Sekolah Setip Kenko ERW-40SQ,8990001745005,Alat Tulis,1000,120,0,,,
KEEP,high,C,Kenko,KENKO,name,images=1,cmryqjejh018jnrx4a1y6sgi2,SETIP KENKO HITAM ERB-20A,Alat Tulis Sekolah Setip Kenko Hitam ERB-20A,8990001418091,Alat Tulis,2500,40,0,,,
KEEP,high,A,Faber-Castell,FABER-CASTELL,name,images=1,cmryqjena018lnrx45yyu2thk,SETIP PUTIH FABER CASTELL,Alat Tulis Sekolah Setip Putih Faber Castell,8990001719877,Alat Tulis,3000,1640,0,,,
KEEP,high,B,Sanrio,SANRIO,name,images=1,cmryqjeqz018nnrx45n8nqln6,SETIP SET SANRIO 4PCS 9310,Alat Tulis Sekolah Setip Set Sanrio 4PCS 9310,P-24110056,Alat Tulis,12000,12,0,,,
KEEP,high,C,Stabilo,STABILO,name,images=1,cmryqjfl10193nrx4x6fap9be,SISIR SASAK STABILO KO2,Alat Tulis Sekolah Sisir Sasak Stabilo KO2,P-25030798,Alat Tulis,1500,24,0,,,
KEEP,high,C,Snowman,SNOWMAN,name,images=1,cmryqjg7m019fnrx4uhr2usf7,SPIDOL SNOWMAN 12 WARNA,Alat Tulis Sekolah Spidol Snowman 12 Warna,8990001703883,Alat Tulis,17500,1071,0,,,
KEEP,high,C,Snowman,SNOWMAN,name,images=1,cmryqjgbi019hnrx4zwg45vf6,SPIDOL SNOWMAN 6 WARNA MM B,Alat Tulis Sekolah Spidol Snowman 6 Warna Mm B,P-23090421,Alat Tulis,9000,384,0,,,
KEEP,high,C,Snowman,SNOWMAN,name,images=1,cmryqjgf7019jnrx4u3ym2fw1,SPIDOL SNOWMAN BOARDMARKER,Alat Tulis Sekolah Spidol Snowman Boardmarker,8990001756483,Alat Tulis,9000,2961,0,,,
KEEP,high,C,Snowman,SNOWMAN,name,images=1,cmryqjgix019lnrx4n33ezefa,SPIDOL SNOWMAN FSP-12 PERMANENT,Alat Tulis Sekolah Spidol Snowman FSP-12 Permanent,P-23081114,Alat Tulis,17500,24,0,,,
KEEP,high,C,Snowman,SNOWMAN,name,images=1,cmryqjgmq019nnrx41fajq876,SPIDOL SNOWMAN GP-12 PERMANENT,Alat Tulis Sekolah Spidol Snowman GP-12 Permanent,P-26060577,Alat Tulis,18000,12,0,,,
KEEP,high,C,Snowman,SNOWMAN,name,images=1,cmryqjgqg019pnrx46tt6vi4q,SPIDOL SNOWMAN PERMANENT G-12,Alat Tulis Sekolah Spidol Snowman Permanent G-12,8990001415533,Alat Tulis,8000,2172,0,,,
KEEP,high,C,Snowman,SNOWMAN,name,images=1,cmryqjgu8019rnrx4lkd8hdbf,SPIDOL SNOWMAN PERMANENT GOLD SILVER WHITE,Alat Tulis Sekolah Spidol Snowman Permanent Gold Silver White,P-24040546,Alat Tulis,17500,612,0,,,
KEEP,high,C,Snowman,SNOWMAN,name,images=1,cmryqjgy0019tnrx43ubpbea3,SPIDOL SNOWMAN SATUAN,Alat Tulis Sekolah Spidol Snowman Satuan,8990001615629,Alat Tulis,2000,4525,0,,,
KEEP,high,C,Snowman,SNOWMAN,name,images=1,cmryqjh1o019vnrx4bww6njg3,SPIDOL SNOWMAN SILVER GOLD WHITE,Alat Tulis Sekolah Spidol Snowman Silver Gold White,8990001417292,Alat Tulis,17000,360,0,,,
KEEP,high,C,Stabilo,STABILO,name,images=1,cmryqjhgb01a3nrx4joh2wbvs,STABILO 204 TIANHAO,Alat Tulis Sekolah Stabilo 204 Tianhao,P-24040478,Alat Tulis,3500,144,0,,,
KEEP,high,C,Stabilo,STABILO,name,images=1,cmryqjhnn01a7nrx424wwv4hn,STABILO MONTANA SH-1,Alat Tulis Sekolah Stabilo Montana SH-1,8990001035007,Alat Tulis,3500,48,0,,,
KEEP,high,C,Stabilo,STABILO,name,images=1,cmryqjhrc01a9nrx4sssw5z7k,STABILO VANCO HL-501,Alat Tulis Sekolah Stabilo Vanco HL-501,8990001175956,Alat Tulis,3500,150,0,,,
KEEP,high,C,Stabilo,STABILO,name,images=1,cmryqjhyx01adnrx4a1vnn7gh,STABILO ZRM ZH-103,Alat Tulis Sekolah Stabilo Zrm ZH-103,8990001661923,Alat Tulis,4200,30,0,,,
KEEP,high,C,Kenko,KENKO,name,images=1,cmryqji6b01ahnrx4weojr88j,STAPLER HD-10 KENKO,Alat Tulis Sekolah Stapler HD-10 Kenko,P-25100266,Alat Tulis,11000,12,0,,,
KEEP,high,C,Joyko,JOYKO,name,images=1,cmryqjia001ajnrx4ufq9j6yo,STAPLER JOYKO HD-10,Alat Tulis Sekolah Stapler Joyko HD-10,8990001035243,Alat Tulis,10500,156,0,,,
KEEP,high,C,Kenko,KENKO,name,images=1,cmryqjil501apnrx4djvlku9q,STAPLER KENKO HD-10D,Alat Tulis Sekolah Stapler Kenko HD-10D,P-26070499,Alat Tulis,13500,12,0,,,
KEEP,high,B,Sanrio,SANRIO,name,images=1,cmryqjiov01arnrx4s7m3rpiw,STIKER MAGNET SANRIO/LOTSO,Alat Tulis Sekolah Stiker Magnet Sanrio/Lotso,P-26040877,Alat Tulis,13000,80,0,,,
KEEP,high,C,Snowman,SNOWMAN,name,images=1,cmryqjk9u01blnrx4n8ct1sib,TINTA SNOWMAN PERMANENT MIG-20,Alat Tulis Sekolah Tinta Snowman Permanent MIG-20,8990001793594,Alat Tulis,13500,48,0,,,
KEEP,high,C,Snowman,SNOWMAN,name,images=1,cmryqjkdk01bnnrx49jg47whg,TINTA SNOWMAN WHITE BOARD,Alat Tulis Sekolah Tinta Snowman White Board,8990001762705,Alat Tulis,21000,252,0,,,
KEEP,high,C,Kenko,KENKO,name,images=1,cmryqjlb601c5nrx465wea6hx,TIPEX CT-819 KENKO,Alat Tulis Sekolah Tipex CT-819 Kenko,P-23040962,Alat Tulis,5500,36,0,,,
KEEP,high,C,Kenko,KENKO,name,images=1,cmryqjlm901cbnrx4yw5osm5x,TIPEX KENKO KE-01 MERAH,Alat Tulis Sekolah Tipex Kenko KE-01 Merah,8990001750306,Alat Tulis,6500,264,0,,,
KEEP,high,C,Kenko,KENKO,name,images=1,cmryqjlq101cdnrx4x2i79zhy,TIPEX KENKO KE-107,Alat Tulis Sekolah Tipex Kenko KE-107,8990001018710,Alat Tulis,6000,48,0,,,
KEEP,high,C,Kenko,KENKO,name,images=1,cmryqjltq01cfnrx4i4ij58i1,TIPEX KENKO KE-108,Alat Tulis Sekolah Tipex Kenko KE-108,8990001092260,Alat Tulis,5500,72,0,,,
KEEP,high,C,Kenko,KENKO,name,images=1,cmryqjlxd01chnrx48ewhv962,TIPEX KENKO KE-301 MERAH,Alat Tulis Sekolah Tipex Kenko KE-301 Merah,8990001804252,Alat Tulis,6500,36,0,,,
KEEP,high,B,Labubu,LABUBU,name,images=1,cmryqjm1101cjnrx4gtrcdpld,TIPEX ROLL 9583 LABUBU,Alat Tulis Sekolah Tipex Roll 9583 Labubu,P-24090660,Alat Tulis,5000,42,0,,,
KEEP,high,C,Kenko,KENKO,name,images=1,cmryqjm8p01cnnrx4osy5g786,TIPEX ROLL CT-151 KENKO,Alat Tulis Sekolah Tipex Roll CT-151 Kenko,P-24080044,Alat Tulis,8500,24,0,,,
KEEP,high,C,Kenko,KENKO,name,images=1,cmryqjmcd01cpnrx4dis8i6db,TIPEX ROLL CT-634 KENKO,Alat Tulis Sekolah Tipex Roll CT-634 Kenko,P-24080047,Alat Tulis,7000,24,0,,,
KEEP,high,C,Kenko,KENKO,name,images=1,cmryqjmg901crnrx4acx41nos,TIPEX ROLL CT-902DT KENKO,Alat Tulis Sekolah Tipex Roll CT-902DT Kenko,P-24100254,Alat Tulis,7500,24,0,,,
KEEP,high,C,Kenko,KENKO,name,images=1,cmryqjmjy01ctnrx46uhr21ky,TIPEX ROLL CT-903 KENKO,Alat Tulis Sekolah Tipex Roll CT-903 Kenko,8990001603213,Alat Tulis,7000,24,0,,,
DELETE,high,-,-,-,none,ordered=1;images=1,cms8woq8y00rdnrm4hx0kg88b,PALU JALA YG 22,Mainan Outdoor Olahraga Anak Palu Jala Yg 22,8990001827763,Arsip,10000,0,0,,,"tanpa sinyal merek; diproteksi riwayat pesanan -> diarsipkan, bukan dihapus"
DELETE,high,-,-,-,none,ordered=1;images=1,cms8woqkq00u6nrm451nqkkkb,PISTOL GELEMBUNG BO SET SS 1527,Mainan Gelembung Sabun Pistol Gelembung Bo Set Ss 1527,P-24100405,Arsip,27000,0,0,,,"tanpa sinyal merek; diproteksi riwayat pesanan -> diarsipkan, bukan dihapus"
DELETE,high,-,-,-,none,ordered=1;images=1,cms8woqx600wcnrm4s88r9ghp,SQUISHI BEBEK JALA,Mainan Remas Squishy Lucu Squishi Bebek Jala,P-25010194,Arsip,20000,0,0,,,"tanpa sinyal merek; diproteksi riwayat pesanan -> diarsipkan, bukan dihapus"
DELETE,high,-,-,-,none,ordered=1;images=1,cms8woqx600wdnrm43g44v5n9,SQUISHI JALA ANOMALI,Mainan Remas Squishy Lucu Squishi Jala Anomali,P-25090036,Arsip,12000,0,0,,,"tanpa sinyal merek; diproteksi riwayat pesanan -> diarsipkan, bukan dihapus"
KEEP,high,B,Sanrio,KUROMI,name,images=1,cmryqidhm00otnrx472q4xtm8,BALON HBD JLH KUROMI Y-8137,Dekorasi Pesta Ulang Tahun Balon Hbd Jlh Kuromi Y-8137,P-24070129,Balon & Pesta,30000,9,0,,,
KEEP,high,A,Barbie,BARBIE,name,images=1,cmryqh26f0002nrx4pruih3p1,BONEKA BARBIE COWOK,Boneka Lucu Hadiah Anak Barbie Cowok,8990001021659,Boneka,20000,84,0,,,
REVIEW,low,D,-,PRINCESS,name,images=1,cmryqh2jx0008nrx4pumow169,BONEKA MIKA BM985-88 PRINCESS SNOW,Boneka Lucu Hadiah Anak Mika BM985-88 Princess Snow,P-23060640,Boneka,32500,31,0,Y,,token ambigu (Tier D): PRINCESS
REVIEW,low,D,-,PRINCESS,name,images=1,cmryqh2nr000anrx4j8kzuexi,BONEKA MIKA BM985-99 PRINCESS SNOW,Boneka Lucu Hadiah Anak Mika BM985-99 Princess Snow,P-23060379,Boneka,30000,24,0,Y,,token ambigu (Tier D): PRINCESS
REVIEW,low,D,-,FROZEN,name,images=1,cmryqh32j000inrx43n7qcpw1,BONEKA SET 7302 CHELSEA FROZEN,Boneka Lucu Hadiah Anak Set 7302 Chelsea Frozen,8990001092703,Boneka,15000,12,0,Y,,token ambigu (Tier D): FROZEN
REVIEW,low,D,-,FROZEN,name,images=1,cmryqh39x000mnrx4bz18ovhi,BONEKA SET X35B FROZEN,Boneka Lucu Hadiah Anak Set X35B Frozen,P-24070803,Boneka,17500,13,0,Y,,token ambigu (Tier D): FROZEN
KEEP,high,B,Tayo,TAYO,name,images=1,cmryqh3ha000qnrx4nlfjtz2c,BONEKA TAYO UMO3,Boneka Lucu Hadiah Anak Tayo UMO3,8990001196159,Boneka,70000,13,0,,,
REVIEW,low,D,-,SLIME,name,images=1,cmryqh3zs0010nrx4alpz5u8s,SLIME TABUNG PJG ISI BONEKA,Mainan Kerajinan Kreatif Anak Slime Tabung Pjg Isi Boneka,P-23030067,Boneka,22500,144,0,Y,,token ambigu (Tier D): SLIME
REVIEW,low,D,-,TAS,name,images=1,cmryqh43g0012nrx4l5d7i7qi,TAS R BONEKA KAKI NB IUO3,Tas Anak Lucu R Boneka Kaki Nb IUO3,8990001742752,Boneka,110000,18,0,Y,,token ambigu (Tier D): TAS
REVIEW,low,D,-,TAS,name,images=1,cmryqh4730014nrx4ahor21lw,TAS R BONEKA MD RBO3,Tas Anak Lucu R Boneka Md RBO3,P-23060139,Boneka,55000,25,0,Y,,token ambigu (Tier D): TAS
REVIEW,low,D,-,TAS,name,images=1,cmryqh4ar0016nrx44gf25rk9,TAS R BONEKA NB BAO3,Tas Anak Lucu R Boneka Nb BAO3,8990001723904,Boneka,105000,21,0,Y,,token ambigu (Tier D): TAS
REVIEW,low,D,-,TAS,name,images=1,cmryqh4em0018nrx42lt7k1gl,TAS R BONEKA NB KUO3,Tas Anak Lucu R Boneka Nb KUO3,8990001595525,Boneka,82500,18,0,Y,,token ambigu (Tier D): TAS
KEEP,high,B,Labubu,LABUBU,name,images=1,cmryqisnk00wvnrx4hinmyhmx,KUTEX LABUBU,Produk Perawatan Diri Kutex Labubu,P-24100119,Kosmetik & Perawatan,9000,144,0,,,
KEEP,high,B,Sanrio,HELLO KITTY,name,images=1,cmryqiwzj00z7nrx42711tz7d,MAKE UP SET 324 HELLO KITTY RC,Produk Perawatan Diri Make Up Set 324 Hello Kitty Rc,P-25030448,Kosmetik & Perawatan,18000,18,0,,,
KEEP,high,B,Sanrio,HELLO KITTY,name,images=1,cmryqix3700z9nrx4s8wgp97b,MAKE UP SET 529-52 HELLO KITTY,Produk Perawatan Diri Make Up Set 529-52 Hello Kitty,P-24070802,Kosmetik & Perawatan,17500,12,0,,,
KEEP,high,B,Sanrio,HELLO KITTY,name,images=1,cmryqiy5i00ztnrx4chd3s8wp,MAKE UP SET HELLO KITTY,Produk Perawatan Diri Make Up Set Hello Kitty,8990001541621,Kosmetik & Perawatan,22500,12,0,,,
KEEP,high,B,Sanrio,SANRIO,name,images=1,cmryqjj1901axnrx4ot4m5of0,T4 SOFTLENS HIAS SANRIO CLAY,Mainan Kerajinan Kreatif Anak T4 Softlens Hias Sanrio Clay,P-24060260,Kosmetik & Perawatan,12500,6,0,,,
KEEP,high,C,Kenko,KENKO,name,images=1,cmryqib3g00nlnrx4ddt312dn,ALAT LABEL KENKO MX-5500,Perlengkapan Kantor Alat Label Kenko MX-5500,P-23100111,Lainnya,67500,6,0,,,
KEEP,high,C,Joyko,JOYKO,name,images=1,cmryqib7700nnnrx4eubnim71,ALAT LABEL MX-5500M JOYKO,Perlengkapan Kantor Alat Label MX-5500M Joyko,8990001638260,Lainnya,75000,1,0,,,
KEEP,high,B,Labubu,LABUBU,name,images=1,cmryqicvb00oinrx4r2sciovb,BAIM CITCIT LABUBU 1607T JUO3,Perlengkapan Serbaguna Baim Citcit Labubu 1607T JUO3,P-25030893,Lainnya,21000,24,0,,,
KEEP,high,B,Labubu,LABUBU,name,images=1,cmryqicz300oknrx41bu1a7q2,BAIM DULUX LABUBU 620C,Perlengkapan Serbaguna Baim Dulux Labubu 620C,P-25020189,Lainnya,30000,12,0,,,
KEEP,high,B,Sanrio,KUROMI,name,images=1,cmryqid2r00omnrx4kw4t9u6l,BAIM VANCHNEE KUROMI 937,Perlengkapan Serbaguna Baim Vanchnee Kuromi 937,P-25020167,Lainnya,35000,24,0,,,
KEEP,high,A,Barbie,BARBIE,name,images=1,cmryqieiv00pbnrx4ounm19go,BARBIE KW RAPUNSEL,Perlengkapan Serbaguna Barbie Kw Rapunsel,8990001444250,Lainnya,14500,12,0,,,
KEEP,high,B,DC Comics,BATMAN,name,images=1,cmryqif9100ppnrx44ghg4ayc,BATMAN SET 21288A +ACC,Perlengkapan Serbaguna Batman Set 21288A +Acc,P-23080546,Lainnya,16000,12,0,,,
KEEP,high,B,Tayo,TAYO,name,images=1,cmryqih4d00qpnrx4hnmg8059,BIS TAYO SET MD3461 STAR RIDER 2026B,Kendaraan Mainan Anak Bis Tayo Set MD3461 Star Rider 2026B,P-26060954,Lainnya,11000,108,0,,,
REVIEW,low,?,-,BOXY,name,images=1,cmryqik9700sdnrx42a0mxrx4,BOXY ALL STAR 36/PAK,Perlengkapan Serbaguna Boxy All Star 36/PAK,P-26070255,Lainnya,40000,24,0,Y,,kemungkinan merek lokal/tak dikenal: BOXY
REVIEW,low,?,-,BOXY,name,images=1,cmryqikcz00sfnrx4txirwrid,BOXY BIG BOSS 42/PAK,Perlengkapan Serbaguna Boxy Big Boss 42/PAK,P-26020857,Lainnya,30000,96,0,Y,,kemungkinan merek lokal/tak dikenal: BOXY
REVIEW,low,?,-,BOXY,name,images=1,cmryqikgv00shnrx4rva1ncnq,BOXY NOBEL CAMPUS 36/PAK,Perlengkapan Serbaguna Boxy Nobel Campus 36/PAK,P-25041001,Lainnya,40000,6,0,Y,,kemungkinan merek lokal/tak dikenal: BOXY
REVIEW,low,?,-,BOXY,name,images=1,cmryqikoc00slnrx4cdxyhlnr,BOXY SKOLA CAMPUS 36/PAK,Perlengkapan Serbaguna Boxy Skola Campus 36/PAK,P-26061278,Lainnya,35000,40,0,Y,,kemungkinan merek lokal/tak dikenal: BOXY
KEEP,high,C,Kenko,KENKO,name,images=1,cmryqim4f00tdnrx4njo45t52,"DOUBLE FOAM 1/2"" KENKO","Perlengkapan Kantor Double Foam 1/2"" Kenko",P-24050169,Lainnya,4000,24,0,,,
KEEP,high,C,Kenko,KENKO,name,images=1,cmryqim8500tfnrx439s1epl5,DOUBLE TAPE KENKO 12MM,Perlengkapan Kantor Double Tape Kenko 12MM,8990001396856,Lainnya,4500,240,0,,,
REVIEW,low,?,-,FUNDOH,name,images=1,cmryqin9p00tznrx4ma5o7zss,FUNDOH SET BW 31 KITCHEN MY LITTLE CHEF,Mainan Kerajinan Kreatif Anak Fundoh Set Bw 31 Kitchen My Little Chef,P-24121064,Lainnya,30000,12,0,Y,,kemungkinan merek lokal/tak dikenal: FUNDOH
KEEP,high,B,Labubu,LABUBU,name,images=1,cmryqinog00u7nrx4smsgi1xm,GEMBES BE 8842 LABUBU,Perlengkapan Kantor Gembes Be 8842 Labubu,P-25030660,Lainnya,31000,24,0,,,
KEEP,high,B,Sanrio,SANRIO,name,images=1,cmryqins500u9nrx49kipcecj,GEMBES BE SANRIO EIKO2,Perlengkapan Kantor Gembes Be Sanrio EIKO2,P-25041078,Lainnya,42000,6,0,,,
KEEP,high,C,Snowman,SNOWMAN,name,images=1,cmryqinvt00ubnrx4bdm937p9,GEMBES NS-1 430ML SNOWMAN,Perlengkapan Kantor Gembes NS-1 430ML Snowman,8990001748310,Lainnya,22500,36,0,,,
KEEP,high,B,Sanrio,KUROMI,name,images=1,cmryqiobi00ujnrx4rxmvsy41,GULING KPL KUROMI JA UEO3,Perlengkapan Serbaguna Guling Kpl Kuromi Ja UEO3,P-24090738,Lainnya,60000,3,0,,,
KEEP,high,C,Sidu,SIDU,name,images=1,cmryqip2000uxnrx47av6xmoq,HALUS SIDU 38 PERPAK,Perlengkapan Kantor Halus Sidu 38 Perpak,8990001610969,Lainnya,40000,38,0,,,
KEEP,high,B,Marvel,AVENGERS,name,images=1,cmryqip9h00v1nrx4armojr4k,HP BO SET 9920B-1 AVENGERS,Perlengkapan Serbaguna Hp Bo Set 9920B-1 Avengers,P-24040469,Lainnya,29000,6,0,,,
KEEP,high,C,Sidu,SIDU,name,images=1,cmryqipd600v3nrx42yi4as64,HVS SIDU 1RIM F4 70GR,Perlengkapan Kantor Hvs Sidu 1RIM F4 70GR,8990001423347,Lainnya,67500,30,0,,,
KEEP,high,A,Mattel,THOMAS,name,images=1,cmryqiqlm00vrnrx465p4mu8e,KA BO MIKA 668-5 THOMAS SPEED,Perlengkapan Serbaguna Ka Bo Mika 668-5 Thomas Speed,P-23070776,Lainnya,67500,6,0,,,
KEEP,high,B,Marvel,AVENGERS,name,images=1,cmryqiqwq00vxnrx4c5lq85fq,KEKER SET 312-B AVENGERS,Perlengkapan Serbaguna Keker Set 312-B Avengers,P-23120616,Lainnya,12500,12,0,,,
KEEP,high,A,Mattel,THOMAS,name,images=1,cmryqir0e00vznrx4m90oxpal,KEROTAN TR-377A THOMAS,Perlengkapan Serbaguna Kerotan TR-377A Thomas,8990001085439,Lainnya,3500,60,0,,,
KEEP,high,C,Kiky,KIKY,name,images=1,cmryqirf700w7nrx4rlo2guwg,KIKY 38/PAK,Perlengkapan Serbaguna Kiky 38/PAK,P-23070460,Lainnya,37500,196,0,,,
KEEP,high,C,Kiky,KIKY,name,images=1,cmryqiriw00w9nrx4r91b0ln5,KIKY 58/PAK,Perlengkapan Serbaguna Kiky 58/PAK,P-23070462,Lainnya,55000,40,0,,,
KEEP,high,C,Kiky,KIKY,name,images=1,cmryqivj100yfnrx4yc0wayyp,LOOSE LEAF A5 V25 KIKY FANCY,Perlengkapan Serbaguna Loose Leaf A5 V25 Kiky Fancy,8990001257508,Lainnya,4500,30,0,,,
KEEP,high,A,Faber-Castell,FABER-CASTELL,name,images=1,cmryqj0cr010znrx45g61vkog,PAKET EBTA FABER CASTELL MANTAP,Perlengkapan Serbaguna Paket Ebta Faber Castell Mantap,8990001031573,Lainnya,35000,12,0,,,
KEEP,high,C,Zebra,ZEBRA,name,images=1,cmryqj64b0141nrx48j9q8hb6,PENCILTIC ZEBRA,Perlengkapan Serbaguna Penciltic Zebra,8990001365821,Lainnya,40000,6,0,,,
KEEP,high,C,Kenko,KENKO,name,images=1,cmryqjbuc0173nrx4r4tvz5zb,PERVERATOR 30 XL KENKO,Perlengkapan Kantor Perverator 30 Xl Kenko,8990001085125,Lainnya,20000,12,0,,,
KEEP,high,C,Kenko,KENKO,name,images=1,cmryqjby50175nrx4k82i7vpb,PERVERATOR NO 30 KENKO,Perlengkapan Kantor Perverator No 30 Kenko,P-23100594,Lainnya,18000,149,0,,,
KEEP,high,C,Joyko,JOYKO,name,images=1,cmryqjcgv017fnrx4lpqs1i7k,POST IT MMS-1 JOYKO,Perlengkapan Kantor Post It MMS-1 Joyko,P-25040519,Lainnya,23000,9,0,,,
KEEP,high,C,Kenko,KENKO,name,images=1,cmryqjcoc017jnrx4ozi8k16d,PUSH PIN PN-30 KENKO,Perlengkapan Kantor Push Pin PN-30 Kenko,8990001708444,Lainnya,3500,204,0,,,
KEEP,high,C,Snowman,SNOWMAN,name,images=1,cmryqjcvq017nnrx48sqqvh7k,REFILL INK SNOWMAN MIG-20 PERMANENT,Perlengkapan Kantor Refill Ink Snowman MIG-20 Permanent,8990001177707,Lainnya,13000,34,0,,,
KEEP,high,C,Sidu,SIDU,name,images=1,cmryqjeyi018rnrx4kjxcmw3c,SIDU 38/ECER,Perlengkapan Kantor Sidu 38/ECER,8990001822966,Lainnya,4000,60,0,,,
KEEP,high,C,Sidu,SIDU,name,images=1,cmryqjf29018tnrx4bn5lh7me,SIDU 38/PAK,Perlengkapan Kantor Sidu 38/PAK,8990001718450,Lainnya,33000,656,0,,,
KEEP,high,C,Sidu,SIDU,name,images=1,cmryqjf5z018vnrx4hrejxrj2,SIDU 40 COKLAT/PAK,Perlengkapan Kantor Sidu 40 Coklat/Pak,P-25030632,Lainnya,42000,32,0,,,
KEEP,high,C,Sidu,SIDU,name,images=1,cmryqjf9q018xnrx4mz9qdkuv,SIDU 58/ECER,Perlengkapan Kantor Sidu 58/ECER,8990001822973,Lainnya,5500,60,0,,,
KEEP,high,C,Sidu,SIDU,name,images=1,cmryqjfdg018znrx4s5jkb4qc,SIDU 58/PAK,Perlengkapan Kantor Sidu 58/PAK,8990001822997,Lainnya,49000,324,0,,,
KEEP,high,C,Kiky,KIKY,name,images=1,cmryqjfor0195nrx49tdqp88z,SKETCH BOOK A4 KIKY,Perlengkapan Serbaguna Sketch Book A4 Kiky,P-23070847,Lainnya,27500,407,0,,,
KEEP,high,B,Labubu,LABUBU,name,images=1,cmryqjfsm0197nrx43qj16tst,SLIP LABUBU,Perlengkapan Serbaguna Slip Labubu,P-25020260,Lainnya,8500,24,0,,,
KEEP,high,B,Labubu,LABUBU,name,images=1,cmryqjfwh0199nrx4h5syre2k,SLOP ANAK HJ-222 LABUBU,Perlengkapan Serbaguna Slop Anak HJ-222 Labubu,P-25030896,Lainnya,32000,48,0,,,
KEEP,high,B,Sanrio,CINNAMOROLL,name,images=1,cmryqjg08019bnrx4zzxv6kwz,SLOP CINNAMOROLL SUNBODY,Perlengkapan Serbaguna Slop Cinnamoroll Sunbody,P-25020186,Lainnya,36000,12,0,,,
KEEP,high,C,Joyko,JOYKO,name,images=1,cmryqjg3y019dnrx4quluhgxg,SOLASI MAGIC JOYKO NDST-5,Alat Tulis Sekolah Solasi Magic Joyko NDST-5,P-24050107,Lainnya,8000,12,0,,,
KEEP,high,A,Faber-Castell,FABER-CASTELL,name,images=1,cmryqjh5d019xnrx4v538mx11,STABILLO FABER-CASTELL TEXTLINER 48,Perlengkapan Serbaguna Stabillo Faber-Castell Textliner 48,P-24050958,Lainnya,12500,18,0,,,
KEEP,high,C,Kenko,KENKO,name,images=1,cmryqjhcn01a1nrx4mtoumzno,STABILLO KENKO HL-100,Alat Tulis Sekolah Stabillo Kenko HL-100,8990001092277,Lainnya,4500,110,0,,,
KEEP,high,C,Kenko,KENKO,name,images=1,cmryqji2m01afnrx4pyl4osav,STAMP PAD KCL KENKO,Alat Tulis Sekolah Stamp Pad Kcl Kenko,8990001631599,Lainnya,9000,12,0,,,
KEEP,high,B,Labubu,LABUBU,name,images=1,cmryqjj4y01aznrx4vne26m0h,TALI HP LABUBU 12500,Perlengkapan Serbaguna Tali Hp Labubu 12500,P-24100830,Lainnya,12500,24,0,,,
KEEP,high,B,Tayo,TAYO,name,images=1,cmryqjjng01b9nrx4blgzufnw,TAYO SET MD3468 STAR RIDER,Perlengkapan Serbaguna Tayo Set MD3468 Star Rider,8990001212729,Lainnya,10000,444,0,,,
KEEP,high,B,Tayo,TAYO,name,images=1,cmryqjjr601bbnrx47suildl7,TAYO TIUP + RODA,Perlengkapan Serbaguna Tayo Tiup + Roda,8990001136810,Lainnya,30000,14,0,,,
KEEP,high,A,Barbie,BARBIE,name,images=1,cmryqjjv001bdnrx4x22kkjvb,TELEPON SET DT 688 BARBIE,Mainan Telepon Edukatif Bayi Set Dt 688 Barbie,8990001196111,Lainnya,15000,24,0,,,
KEEP,high,A,Mattel,THOMAS,name,images=1,cmryqjk2e01bhnrx4yj0cd7sy,THOMAS SET ST3-647 ALLOY SERIES,Perlengkapan Serbaguna Thomas Set ST3-647 Alloy Series,P-25051140,Lainnya,14000,12,0,,,
KEEP,high,C,Kenko,KENKO,name,images=1,cmryqjkhc01bpnrx4pzxensug,TIP EX HH-01 A KENKO,Alat Tulis Sekolah Tip Ex HH-01 A Kenko,8990001316984,Lainnya,5500,36,0,,,
KEEP,high,C,Joyko,JOYKO,name,images=1,cmryqjkkz01brnrx4qlhoj8fi,TIP EX JK-01 JOYKO,Alat Tulis Sekolah Tip Ex JK-01 Joyko,P-24070328,Lainnya,4000,528,0,,,
KEEP,high,C,Joyko,JOYKO,name,images=1,cmryqjkom01btnrx49b12jjhv,TIP EX JOYKO CF-P211,Alat Tulis Sekolah Tip Ex Joyko CF-P211,8990001149384,Lainnya,4500,72,0,,,
KEEP,high,C,Joyko,JOYKO,name,images=1,cmryqjksb01bvnrx46y5fwyrh,TIP EX JOYKO CF-S209,Alat Tulis Sekolah Tip Ex Joyko CF-S209,8990001601363,Lainnya,5500,60,0,,,
KEEP,high,C,Kenko,KENKO,name,images=1,cmryqjkw101bxnrx4kayi17o9,TIP EX KE-108 KENKO,Alat Tulis Sekolah Tip Ex KE-108 Kenko,P-24070327,Lainnya,6000,372,0,,,
KEEP,high,B,Sanrio,KUROMI,name,images=1,cmryqjkzo01bznrx4cjxewdbu,TIP EX ROLL 9500 KUROMI,Perlengkapan Serbaguna Tip Ex Roll 9500 Kuromi,P-23091056,Lainnya,14000,84,0,,,
KEEP,high,C,Kenko,KENKO,name,images=1,cmryqjl3q01c1nrx4r1nxh4zw,TIP EX ROLL CT-802N KENKO,Alat Tulis Sekolah Tip Ex Roll CT-802N Kenko,8990001022236,Lainnya,5500,48,0,,,
KEEP,high,C,Kenko,KENKO,name,images=1,cmryqjl7g01c3nrx4s8kjgksq,TIPE-X ROLL CT-2001 KENKO,Alat Tulis Sekolah Tipe-X Roll CT-2001 Kenko,8990001524303,Lainnya,11000,144,0,,,
KEEP,high,A,Mattel,THOMAS,name,images=1,cmryqjmnn01cvnrx4cecs144h,TUMBLING V311 THOMAS,Perlengkapan Serbaguna Tumbling V311 Thomas,8990001159956,Lainnya,22500,9,0,,,
REVIEW,low,?,-,WARDAH,name,images=1,cmryqjmrc01cxnrx47f77a0n5,WARDAH LIGHTENING TWO WAY CAKE,Perlengkapan Serbaguna Wardah Lightening Two Way Cake,8990001432615,Lainnya,60000,4,0,Y,,kemungkinan merek lokal/tak dikenal: WARDAH
REVIEW,low,?,-,WARDAH,name,images=1,cmryqjmvr01cznrx4d93rmyv4,WARDAH REFILL LIGHTENING,Perlengkapan Serbaguna Wardah Refill Lightening,8990001432608,Lainnya,40000,6,0,Y,,kemungkinan merek lokal/tak dikenal: WARDAH
REVIEW,low,D,-,SUPER,name,images=1,cmryqh5gx001rnrx4nzvfgkq0,PALU JALA CIT2 PLUS KRINCING SUPER TOYS,Mainan Bayi Aman Palu Jala CIT2 Plus Krincing Super Toys,P-24070306,Mainan Bayi,12000,24,0,Y,,token ambigu (Tier D): SUPER
REVIEW,low,D,-,SLIME,name,images=1,cms8won6f001cnrm4x8wtbbvm,SLIME BE ISI BABY CRY,Mainan Kerajinan Kreatif Anak Slime Be Isi Baby Cry,P-26060931,Mainan Bayi,11000,36,0,Y,,token ambigu (Tier D): SLIME
REVIEW,low,D,-,SLIME,name,images=1,cms8won6f001dnrm4vmaxjt9q,SLIME ULIR BE BABY CRY,Mainan Kerajinan Kreatif Anak Slime Ulir Be Baby Cry,P-25030222,Mainan Bayi,11000,24,0,Y,,token ambigu (Tier D): SLIME
KEEP,high,B,Disney,DISNEY,name,images=1,cmryqh5se001wnrx4w8oklu86,ABC SET D01-43 DISNEY JUNIOR YUGI,Mainan Edukatif Kreatif Anak Abc Set D01-43 Disney Junior Yugi,8990001195909,Mainan Edukasi & Kreatif,17000,18,0,,,
KEEP,high,C,Deli,DELI,name,images=1,cmryqh63q0022nrx4n9doa86n,FUN DOH 28141 SWEET DELIGHT,Mainan Kerajinan Kreatif Anak Fun Doh 28141 Sweet Delight,8990001417933,Mainan Edukasi & Kreatif,35000,36,0,,,
REVIEW,low,D,-,TAS,name,images=1,cms8won6f002cnrm40b7urd99,FUN DOH TAS IB 06/07 MAKE FOOD,Mainan Kerajinan Kreatif Anak Fun Doh Tas Ib 06/07 Make Food,P-25060128,Mainan Edukasi & Kreatif,30000,24,0,Y,,token ambigu (Tier D): TAS
KEEP,high,A,Rubik's,RUBIK,name,images=1,cms8won6f002dnrm431pcwjs3,GK RUBIK FANCY + TALI,Mainan Asah Otak Edukatif Gk Rubik Fancy + Tali,P-25080845,Mainan Edukasi & Kreatif,15000,24,0,,,
KEEP,high,A,LEGO,LEGO,name,images=1,cmryqh6io002anrx4wdb2vs27,LEGO 1953-1 ALLOY BUILDING BLOCK,Mainan Balok Susun Kreatif Lego 1953-1 Alloy Building Block,8990001403554,Mainan Edukasi & Kreatif,32500,12,0,,,
KEEP,high,A,LEGO,LEGO,name,images=1,cmryqh6mc002cnrx4c9zryga7,LEGO 30358 CHAOBAO,Mainan Balok Susun Kreatif Lego 30358 Chaobao,8990001577880,Mainan Edukasi & Kreatif,10000,24,0,,,
KEEP,high,A,LEGO,LEGO,name,images=1,cmryqh6pz002enrx4m6odrxim,LEGO 601007 BUILD&PLAY,Mainan Balok Susun Kreatif Lego 601007 Build&Play,8990001403561,Mainan Edukasi & Kreatif,55000,18,0,,,
KEEP,high,A,LEGO,LEGO,name,images=1,cmryqh6tn002gnrx4xn269vmh,LEGO 6250 HSANHE,Mainan Balok Susun Kreatif Lego 6250 Hsanhe,8990001582624,Mainan Edukasi & Kreatif,42500,12,0,,,
KEEP,high,A,LEGO,LEGO,name,images=1,cmryqit2900x3nrx4gcfsvq8n,LEGO BRICK SINOFUN TOYS,Mainan Balok Susun Kreatif Lego Brick Sinofun Toys,P-24120836,Mainan Edukasi & Kreatif,14000,6,0,,,
KEEP,high,A,LEGO,LEGO,name,images=1,cmryqit6000x5nrx4wvlx93sf,LEGO LOL TELUR 7006,Mainan Balok Susun Kreatif Lego Lol Telur 7006,8990001256600,Mainan Edukasi & Kreatif,17500,1,0,,,
KEEP,high,B,Sanrio,HELLO KITTY,name,images=1,cmryqjc9c017bnrx4su1j1yhx,PIANO BO 118D-68A HELLO KITTY,Mainan Alat Musik Anak Piano Bo 118D-68A Hello Kitty,8990001186945,Mainan Edukasi & Kreatif,34000,1,0,,,
KEEP,high,B,Sanrio,KUROMI,name,images=1,cms8won6f002gnrm4ig797col,PIANO BO KTG YY13-30 KUROMI,Mainan Alat Musik Anak Piano Bo Ktg YY13-30 Kuromi,P-26020362,Mainan Edukasi & Kreatif,26000,12,0,,,
KEEP,high,B,Sanrio,KUROMI,name,images=1,cms8won6f002hnrm443w2wk0m,PIANO BO SET 914B KUROMI,Mainan Alat Musik Anak Piano Bo Set 914B Kuromi,P-25080777,Mainan Edukasi & Kreatif,27000,24,0,,,
KEEP,high,B,Marvel,AVENGERS,name,images=1,cmryqh70z002knrx4sqf3mzyu,PISTOL GABUS SET 6483F AVENGERS,Mainan Tembak Anak Pistol Gabus Set 6483F Avengers,8990001720613,Mainan Edukasi & Kreatif,22500,100,0,,,
KEEP,high,A,Rubik's,RUBIK,name,images=1,cms8won6g002inrm47r2cpusb,RUBIK DUS 345 JIEHUI,Mainan Asah Otak Edukatif Rubik Dus 345 Jiehui,P-25041090,Mainan Edukasi & Kreatif,32500,12,0,,,
KEEP,high,A,Rubik's,RUBIK,name,images=1,cms8won6g002jnrm45l53fmtk,RUBIK DUS 922 CUBE KING,Mainan Asah Otak Edukatif Rubik Dus 922 Cube King,P-25100671,Mainan Edukasi & Kreatif,10000,12,0,,,
KEEP,high,A,Rubik's,RUBIK,name,images=1,cms8won6g002knrm4rs2jc44o,RUBIK DUS AR 89 PUZZLE,Mainan Asah Otak Edukatif Rubik Dus Ar 89 Puzzle,P-25080274,Mainan Edukasi & Kreatif,12000,12,0,,,
KEEP,high,A,Rubik's,RUBIK,name,images=1,cms8won6g002lnrm40qc4gwbf,RUBIK DUS F888 MAGIC CUBE,Mainan Asah Otak Edukatif Rubik Dus F888 Magic Cube,P-24050225,Mainan Edukasi & Kreatif,22500,12,0,,,
KEEP,high,A,Rubik's,RUBIK,name,images=1,cms8won6g002mnrm4xopuhzex,RUBIK DUS M300 MAGIC CUBE,Mainan Asah Otak Edukatif Rubik Dus M300 Magic Cube,P-23070723,Mainan Edukasi & Kreatif,15000,24,0,,,
KEEP,high,A,Rubik's,RUBIK,name,images=1,cms8won6g002nnrm4xiw85rmo,RUBIK DUS SFW04B ONIE 3X3,Mainan Asah Otak Edukatif Rubik Dus SFW04B Onie 3X3,P-23090355,Mainan Edukasi & Kreatif,22500,24,0,,,
KEEP,high,A,Rubik's,RUBIK,name,images=1,cms8won6g002onrm4ggt17a5b,RUBIK DUS SY6-651 PUZZLE GAME,Mainan Asah Otak Edukatif Rubik Dus SY6-651 Puzzle Game,P-25020471,Mainan Edukasi & Kreatif,13000,10,0,,,
KEEP,high,A,Rubik's,RUBIK,name,images=1,cms8won6g002pnrm4c7afb3ae,RUBIK JALA 168-1 2PCS,Mainan Asah Otak Edukatif Rubik Jala 168-1 2PCS,8990001788934,Mainan Edukasi & Kreatif,12000,72,0,,,
KEEP,high,A,Rubik's,RUBIK,name,images=1,cms8won6g002qnrm4qgzk5dnz,RUBIK KTG 147 POLOS,Mainan Asah Otak Edukatif Rubik Ktg 147 Polos,8990001373611,Mainan Edukasi & Kreatif,7500,24,0,,,
KEEP,high,A,Rubik's,RUBIK,name,images=1,cms8won6g002rnrm4ofr4rw39,RUBIK KTG 273 MAGIC CUBE,Mainan Asah Otak Edukatif Rubik Ktg 273 Magic Cube,8990001373581,Mainan Edukasi & Kreatif,15000,12,0,,,
KEEP,high,A,Rubik's,RUBIK,name,images=1,cms8wonmj002snrm4uazdnvnb,RUBIK KTG 3X3 POLOS,Mainan Asah Otak Edukatif Rubik Ktg 3X3 Polos,P-25110252,Mainan Edukasi & Kreatif,7000,12,0,,,
KEEP,high,A,Rubik's,RUBIK,name,images=1,cms8wonmj002tnrm4a0osqe14,RUBIK KTG 614 GAMBAR,Mainan Asah Otak Edukatif Rubik Ktg 614 Gambar,P-23050096,Mainan Edukasi & Kreatif,14000,66,0,,,
KEEP,high,A,Rubik's,RUBIK,name,images=1,cms8wonmj002unrm4xjekpkpg,RUBIK KTG 888-45 METALIK,Mainan Asah Otak Edukatif Rubik Ktg 888-45 Metalik,8990001667390,Mainan Edukasi & Kreatif,14500,78,0,,,
KEEP,high,A,Rubik's,RUBIK,name,images=1,cms8wonmj002vnrm44v7mjt0i,RUBIK LOS 520-081/82 METALIK,Mainan Asah Otak Edukatif Rubik Los 520-081/82 Metalik,P-24120238,Mainan Edukasi & Kreatif,4000,40,0,,,
KEEP,high,A,Rubik's,RUBIK,name,images=1,cms8wonmj002wnrm4aerm3lxm,RUBIK LOS ANGKA HURUF 520-056,Mainan Asah Otak Edukatif Rubik Los Angka Huruf 520-056,P-24110225,Mainan Edukasi & Kreatif,5000,60,0,,,
KEEP,high,A,Rubik's,RUBIK,name,images=1,cms8wonmj002xnrm4c8ithip1,RUBIK LOS FANCY,Mainan Asah Otak Edukatif Rubik Los Fancy,P-23040683,Mainan Edukasi & Kreatif,22500,72,0,,,
KEEP,high,A,Rubik's,RUBIK,name,images=1,cmryqh78e002onrx4vd9xyqtw,RUBIK MIKA 132-11 CUBE,Mainan Asah Otak Edukatif Rubik Mika 132-11 Cube,P-23050014,Mainan Edukasi & Kreatif,17500,24,0,,,
KEEP,high,A,Rubik's,RUBIK,name,images=1,cms8wonmj002ynrm4w547an2p,RUBIK MIKA 132-14 MAGIC CUBE,Mainan Asah Otak Edukatif Rubik Mika 132-14 Magic Cube,8990001828760,Mainan Edukasi & Kreatif,18500,18,0,,,
KEEP,high,A,Rubik's,RUBIK,name,images=1,cms8wonmj002znrm4rfo5xxcu,RUBIK MIKA 132-44,Mainan Asah Otak Edukatif Rubik Mika 132-44,P-23060901,Mainan Edukasi & Kreatif,22500,96,0,,,
KEEP,high,A,Rubik's,RUBIK,name,images=1,cms8wonmj0030nrm4zst2941q,RUBIK MIKA 167 3PCS MAGIC CUBE VIP,Mainan Asah Otak Edukatif Rubik Mika 167 3PCS Magic Cube Vip,P-23100646,Mainan Edukasi & Kreatif,24000,24,0,,,
KEEP,high,A,Rubik's,RUBIK,name,images=1,cms8wonmj0031nrm4kiyf679g,RUBIK MIKA 3023 CUBE,Mainan Asah Otak Edukatif Rubik Mika 3023 Cube,P-23040769,Mainan Edukasi & Kreatif,13500,24,0,,,
KEEP,high,A,Rubik's,RUBIK,name,images=1,cms8wonmj0032nrm4g1vgtf4o,RUBIK MIKA 618 CUBE SERIES,Mainan Asah Otak Edukatif Rubik Mika 618 Cube Series,8990001817016,Mainan Edukasi & Kreatif,25000,36,0,,,
KEEP,high,A,Rubik's,RUBIK,name,images=1,cms8wonmj0033nrm42x9ab8vg,RUBIK MIKA 8623-17 MAGIC CUBE,Mainan Asah Otak Edukatif Rubik Mika 8623-17 Magic Cube,P-25090440,Mainan Edukasi & Kreatif,20500,12,0,,,
KEEP,high,A,Rubik's,RUBIK,name,images=1,cmryqh7cs002qnrx4nwavgiv1,RUBIK MIKA 8623-9 GELEQI,Mainan Asah Otak Edukatif Rubik Mika 8623-9 Geleqi,8990001769032,Mainan Edukasi & Kreatif,13000,17,0,,,
KEEP,high,A,Rubik's,RUBIK,name,images=1,cmryqh7gk002snrx4shzsl2im,RUBIK MIKA 8923C-3 MAGIC CUBE,Mainan Asah Otak Edukatif Rubik Mika 8923C-3 Magic Cube,8990001805570,Mainan Edukasi & Kreatif,30000,60,0,,,
KEEP,high,A,Rubik's,RUBIK,name,images=1,cms8wonmj0034nrm4h6xv2ehd,RUBIK MIKA 9150A GELEQI,Mainan Asah Otak Edukatif Rubik Mika 9150A Geleqi,P-25010899,Mainan Edukasi & Kreatif,16000,24,0,,,
KEEP,high,A,Rubik's,RUBIK,name,images=1,cms8wonmj0035nrm40pqdfpsb,RUBIK MIKA AZ522 3X3X3 AN ZHENG,Mainan Asah Otak Edukatif Rubik Mika AZ522 3X3X3 An Zheng,8990001429844,Mainan Edukasi & Kreatif,22500,10,0,,,
KEEP,high,A,Rubik's,RUBIK,name,images=1,cms8wonmj0036nrm4cbqk43o4,RUBIK MIKA B230 MAGIC CUBE,Mainan Asah Otak Edukatif Rubik Mika B230 Magic Cube,P-24050571,Mainan Edukasi & Kreatif,18000,108,0,,,
KEEP,high,A,Rubik's,RUBIK,name,images=1,cms8wonmj0037nrm4ncw0h1mc,RUBIK MIKA K559 MAGIC CUBE,Mainan Asah Otak Edukatif Rubik Mika K559 Magic Cube,8990001768615,Mainan Edukasi & Kreatif,18000,12,0,,,
KEEP,high,A,Rubik's,RUBIK,name,images=1,cms8wonmj0038nrm4a7ow1yac,RUBIK MIKA K560 3PCS MAGIC CUBE,Mainan Asah Otak Edukatif Rubik Mika K560 3PCS Magic Cube,P-23100647,Mainan Edukasi & Kreatif,24000,24,0,,,
KEEP,high,A,Rubik's,RUBIK,name,images=1,cmryqh7p4002wnrx4v51qgoye,RUBIK MIKA PR-17659,Mainan Asah Otak Edukatif Rubik Mika PR-17659,P-25040024,Mainan Edukasi & Kreatif,12500,12,0,,,
KEEP,high,A,Rubik's,RUBIK,name,images=1,cms8wonmj0039nrm4ztln87jv,RUBIK MIKA PR-17660 MAGIC CUBE,Mainan Asah Otak Edukatif Rubik Mika PR-17660 Magic Cube,P-23070718,Mainan Edukasi & Kreatif,17500,12,0,,,
KEEP,high,A,Rubik's,RUBIK,name,images=1,cms8wonmj003anrm4jki3kvmf,RUBIK MIKA PR-18027 PREMIUM TOYS,Mainan Asah Otak Edukatif Rubik Mika PR-18027 Premium Toys,P-25050593,Mainan Edukasi & Kreatif,22000,12,0,,,
KEEP,high,A,Rubik's,RUBIK,name,images=1,cmryqjdib017znrx4yk76y1iw,RUBIK MIKA SET JM-SMN076 3PCS MAGIC CUBE,Mainan Asah Otak Edukatif Rubik Mika Set JM-SMN076 3PCS Magic Cube,P-23090359,Mainan Edukasi & Kreatif,28000,6,0,,,
KEEP,high,A,Rubik's,RUBIKS,name,images=1,cms8wonmj003bnrm4abyvjcof,RUBIK SET 132-14 GELEQI,Mainan Asah Otak Edukatif Rubik Set 132-14 Geleqi,8990001711093,Mainan Edukasi & Kreatif,13500,60,0,,,
KEEP,high,A,Rubik's,RUBIKS,name,images=1,cmryqh7st002ynrx4kylw1y2r,RUBIK SET 168 MAGIC CUBE,Mainan Asah Otak Edukatif Rubik Set 168 Magic Cube,8990001059850,Mainan Edukasi & Kreatif,7500,13,0,,,
KEEP,high,A,Rubik's,RUBIKS,name,images=1,cmryqh7wn0030nrx4v8mh2vss,RUBIK SET 168-1 MAGIC CUBE,Mainan Asah Otak Edukatif Rubik Set 168-1 Magic Cube,8990001079148,Mainan Edukasi & Kreatif,13000,19,0,,,
KEEP,high,A,Rubik's,RUBIKS,name,images=1,cms8wonmj003cnrm4y5wbjwk1,RUBIK SET 1953-1 CUBE,Mainan Asah Otak Edukatif Rubik Set 1953-1 Cube,8990001484980,Mainan Edukasi & Kreatif,28000,54,0,,,
KEEP,high,A,Rubik's,RUBIKS,name,images=1,cms8wonmj003dnrm4xrrk4giv,RUBIK SET 2106 MAGIC CUBE 3X3X3,Mainan Asah Otak Edukatif Rubik Set 2106 Magic Cube 3X3X3,8990001493913,Mainan Edukasi & Kreatif,12000,12,0,,,
KEEP,high,A,Rubik's,RUBIKS,name,images=1,cmryqh80i0032nrx4p24195lr,RUBIK SET 218-C14 2PCS PUZZLE,Mainan Asah Otak Edukatif Rubik Set 218-C14 2PCS Puzzle,P-23040369,Mainan Edukasi & Kreatif,15000,36,0,,,
KEEP,high,A,Rubik's,RUBIKS,name,images=1,cms8wonmj003enrm4uaqeghkm,RUBIK SET 3X3 CUBE WORLD MAGIC,Mainan Asah Otak Edukatif Rubik Set 3X3 Cube World Magic,8990001817023,Mainan Edukasi & Kreatif,12000,48,0,,,
KEEP,high,A,Rubik's,RUBIKS,name,images=1,cms8wonmj003fnrm4whhf48iv,RUBIK SET 6688-3 CUBE WORLD MAGIC,Mainan Asah Otak Edukatif Rubik Set 6688-3 Cube World Magic,P-24101028,Mainan Edukasi & Kreatif,10000,12,0,,,
KEEP,high,A,Rubik's,RUBIKS,name,images=1,cms8wonmj003gnrm4lquk4j87,RUBIK SET 718 3X3X3 MISTERI MAGIC,Mainan Asah Otak Edukatif Rubik Set 718 3X3X3 Misteri Magic,P-23070623,Mainan Edukasi & Kreatif,11000,36,0,,,
KEEP,high,A,Rubik's,RUBIKS,name,images=1,cms8wonmj003hnrm417phwkkr,RUBIK SET 718 MISTERI MAGIC CUBE,Mainan Asah Otak Edukatif Rubik Set 718 Misteri Magic Cube,P-26041166,Mainan Edukasi & Kreatif,10000,12,0,,,
KEEP,high,A,Rubik's,RUBIKS,name,images=1,cmryqh8480034nrx494nq8chq,RUBIK SET 750-147 MAGIC CUBE,Mainan Asah Otak Edukatif Rubik Set 750-147 Magic Cube,P-25040017,Mainan Edukasi & Kreatif,12500,12,0,,,
KEEP,high,A,Rubik's,RUBIKS,name,images=1,cms8wonmj003inrm4dgch3tjk,RUBIK SET 750-406 MAGIC CUBE,Mainan Asah Otak Edukatif Rubik Set 750-406 Magic Cube,P-26061264,Mainan Edukasi & Kreatif,12000,12,0,,,
KEEP,high,A,Rubik's,RUBIKS,name,images=1,cms8wonmj003jnrm494xj0unk,RUBIK SET 828 CUBE WORLD MAGIC,Mainan Asah Otak Edukatif Rubik Set 828 Cube World Magic,P-24071499,Mainan Edukasi & Kreatif,8000,12,0,,,
KEEP,high,A,Rubik's,RUBIKS,name,images=1,cms8wonmj003knrm4p5g08y5d,RUBIK SET 828-1 MAGIC CUBE,Mainan Asah Otak Edukatif Rubik Set 828-1 Magic Cube,8990001788927,Mainan Edukasi & Kreatif,15500,138,0,,,
KEEP,high,A,Rubik's,RUBIKS,name,images=1,cms8wonmj003lnrm4i46zk7wj,RUBIK SET 9150A GELEQI,Mainan Asah Otak Edukatif Rubik Set 9150A Geleqi,P-23100039,Mainan Edukasi & Kreatif,18000,30,0,,,
KEEP,high,A,Rubik's,RUBIKS,name,images=1,cms8wonmj003mnrm47k2ox5kr,RUBIK SET 922 CUBE,Mainan Asah Otak Edukatif Rubik Set 922 Cube,8990001829279,Mainan Edukasi & Kreatif,10000,60,0,,,
KEEP,high,A,Rubik's,RUBIKS,name,images=1,cms8wonmj003nnrm4g7xarpra,RUBIK SET AR 95 FINGER CUBE,Mainan Asah Otak Edukatif Rubik Set Ar 95 Finger Cube,P-25030275,Mainan Edukasi & Kreatif,15500,36,0,,,
KEEP,high,A,Rubik's,RUBIKS,name,images=1,cms8wonmj003onrm4zscnkk6c,RUBIK SET BC1012 3PCS,Mainan Asah Otak Edukatif Rubik Set BC1012 3PCS,P-23040358,Mainan Edukasi & Kreatif,28000,36,0,,,
KEEP,high,A,Rubik's,RUBIKS,name,images=1,cms8wonmj003pnrm44igcy60s,RUBIK SET GT-1700 3X3X3 PUZZLE PROFESSIONAL,Mainan Asah Otak Edukatif Rubik Set GT-1700 3X3X3 Puzzle Professional,P-23070624,Mainan Edukasi & Kreatif,15000,76,0,,,
KEEP,high,A,Rubik's,RUBIKS,name,images=1,cms8wonmj003qnrm4v5q4fy4p,RUBIK SET GT-1700 PUZZLE,Mainan Asah Otak Edukatif Rubik Set GT-1700 Puzzle,P-25080932,Mainan Edukasi & Kreatif,14000,24,0,,,
KEEP,high,A,Rubik's,RUBIKS,name,images=1,cmryqh87w0036nrx4hi1xpfhl,RUBIK SET PR-17924,Mainan Asah Otak Edukatif Rubik Set PR-17924,P-25040014,Mainan Edukasi & Kreatif,7500,12,0,,,
KEEP,high,A,Rubik's,RUBIKS,name,images=1,cms8wonmj003rnrm4odq5zodk,RUBIK SET VR718-1 MAGIC CUBE,Mainan Asah Otak Edukatif Rubik Set VR718-1 Magic Cube,P-24080542,Mainan Edukasi & Kreatif,9000,49,0,,,
KEEP,high,A,Rubik's,RUBIKS,name,images=1,cms8wonmj003snrm4qh1kwe7l,RUBIK SET YY-022 MAGIC CUBE,Mainan Asah Otak Edukatif Rubik Set YY-022 Magic Cube,P-25030276,Mainan Edukasi & Kreatif,7000,37,0,,,
KEEP,high,A,Rubik's,RUBIK,name,images=1,cms8wonmj003tnrm4n53h5iu8,RUBIK ULAR LOS 161,Mainan Asah Otak Edukatif Rubik Ular Los 161,P-23060884,Mainan Edukasi & Kreatif,3500,220,0,,,
KEEP,high,A,Rubik's,RUBIK,name,images=1,cms8wonmj003unrm4ei83bv1i,RUBIK ULAR MIKA BESAR,Mainan Asah Otak Edukatif Rubik Ular Mika Besar,P-24020493,Mainan Edukasi & Kreatif,22000,24,0,,,
KEEP,high,A,Rubik's,RUBIK,name,images=1,cms8wonmj003vnrm4gbkfek4j,RUBIK ULAR SET 3631,Mainan Asah Otak Edukatif Rubik Ular Set 3631,P-23100353,Mainan Edukasi & Kreatif,5000,18,0,,,
KEEP,high,A,Rubik's,RUBIK,name,images=1,cmryqh8bn0038nrx44bmj3sk2,RUBIK YJ8347E MAGIC CUBE,Mainan Asah Otak Edukatif Rubik YJ8347E Magic Cube,8990001286133,Mainan Edukasi & Kreatif,40000,12,0,,,
REVIEW,low,D,-,SALON,name,images=1,cmryqh8fh003anrx4zua98w93,SALON BO SET BP9697 BEAUTY LOVELY KITTY,Mainan Edukatif Kreatif Anak Salon Bo Set BP9697 Beauty Lovely Kitty,P-24090491,Mainan Edukasi & Kreatif,22500,48,0,Y,,token ambigu (Tier D): SALON
KEEP,high,B,Sanrio,HELLO KITTY,name,images=1,cmryqh8j6003cnrx4qtz7vp6u,SALON SET 105-AB HELLO KITTY,Mainan Edukatif Kreatif Anak Salon Set 105-AB Hello Kitty,P-23080950,Mainan Edukasi & Kreatif,20000,24,0,,,
KEEP,high,B,Sanrio,HELLO KITTY,name,images=1,cmryqh8mx003enrx44gc94du6,SALON SET 106-J HELLO KITTY,Mainan Edukatif Kreatif Anak Salon Set 106-J Hello Kitty,P-24080355,Mainan Edukasi & Kreatif,21000,45,0,,,
REVIEW,low,D,-,SLIME,name,images=1,cms8wonmj003wnrm4wxbhcubt,SLIME BE BOX MELODY,Mainan Kerajinan Kreatif Anak Slime Be Box Melody,P-26050561,Mainan Edukasi & Kreatif,4000,48,0,Y,,token ambigu (Tier D): SLIME
KEEP,high,B,Sanrio,SANRIO,name,images=1,cmryqh8qq003gnrx4ad8l4k07,SLIME BE DIAMOND SANRIO,Mainan Kerajinan Kreatif Anak Slime Be Diamond Sanrio,P-23110845,Mainan Edukasi & Kreatif,11000,12,0,,,
KEEP,high,B,Sanrio,KUROMI,name,images=1,cms8wonmj003xnrm4n2l1ksug,SLIME BE GLITER KPL KUROMI,Mainan Kerajinan Kreatif Anak Slime Be Gliter Kpl Kuromi,P-26060934,Mainan Edukasi & Kreatif,12500,36,0,,,
KEEP,high,B,Sanrio,SANRIO,name,images=1,cmryqh8uh003inrx4o1ajm4yo,SLIME BE GLITER TTP SANRIO,Mainan Kerajinan Kreatif Anak Slime Be Gliter Ttp Sanrio,P-24080889,Mainan Edukasi & Kreatif,15000,36,0,,,
KEEP,high,B,Sanrio,SANRIO,name,images=1,cmryqh8y6003knrx45cy79wix,SLIME BE KPL SANRIO,Mainan Kerajinan Kreatif Anak Slime Be Kpl Sanrio,P-25010011,Mainan Edukasi & Kreatif,5500,36,0,,,
KEEP,high,B,Sanrio,KUROMI,name,images=1,cms8wonmj003ynrm4giyrw2a8,SLIME BE KUROMI,Mainan Kerajinan Kreatif Anak Slime Be Kuromi,P-24100189,Mainan Edukasi & Kreatif,15000,36,0,,,
KEEP,high,B,Sanrio,SANRIO,name,images=1,cmryqh91w003mnrx45e614qlx,SLIME BE SANRIO ATAS BOBA,Mainan Kerajinan Kreatif Anak Slime Be Sanrio Atas Boba,P-23110253,Mainan Edukasi & Kreatif,5000,72,0,,,
KEEP,high,B,Sanrio,KUROMI,name,images=1,cms8wonmj003znrm4hojvl0r2,SLIME BOTOL KUROMI,Mainan Kerajinan Kreatif Anak Slime Botol Kuromi,P-24110449,Mainan Edukasi & Kreatif,6000,72,0,,,
KEEP,high,B,Sanrio,CINNAMOROLL,name,images=1,cms8wonmj0040nrm4cqb9qxfp,SLIME BU CINNAMOROLL TOPI,Mainan Kerajinan Kreatif Anak Slime Bu Cinnamoroll Topi,P-26060942,Mainan Edukasi & Kreatif,16000,36,0,,,
KEEP,high,B,Sanrio,SANRIO,name,images=1,cmryqh95n003onrx4wpi5so0c,SLIME SANRIO SL258,Mainan Kerajinan Kreatif Anak Slime Sanrio SL258,P-25050794,Mainan Edukasi & Kreatif,18500,36,0,,,
REVIEW,low,D,-,SLIME,name,images=1,cms8wonmj0041nrm4ohp7nrvn,SLIME ULIR ATAS SQUISHY BOBA,Mainan Kerajinan Kreatif Anak Slime Ulir Atas Squishy Boba,P-25050667,Mainan Edukasi & Kreatif,22500,30,0,Y,,token ambigu (Tier D): SLIME
KEEP,high,B,Sanrio,KUROMI,name,images=1,cmryqh99c003qnrx4qk6hfaow,SLIME ULIR ISI KUROMI,Mainan Kerajinan Kreatif Anak Slime Ulir Isi Kuromi,P-25010005,Mainan Edukasi & Kreatif,22500,36,0,,,
KEEP,high,B,Pokemon,POKEMON,name,images=1,cmryqh9d0003snrx4d3yth41n,SLIME ULIR KPL POKEMON,Mainan Kerajinan Kreatif Anak Slime Ulir Kpl Pokemon,P-25010004,Mainan Edukasi & Kreatif,15000,24,0,,,
KEEP,high,B,Pokemon,PIKACHU,name,images=1,cms8wonmj0042nrm4vz4gon89,SLIME ULIR PIKACHU,Mainan Kerajinan Kreatif Anak Slime Ulir Pikachu,P-24080887,Mainan Edukasi & Kreatif,15000,36,0,,,
KEEP,high,B,Sanrio,SANRIO,name,images=1,cmryqh9gr003unrx4p31h763g,SLIME ULIR PJG TTP SANRIO,Mainan Kerajinan Kreatif Anak Slime Ulir Pjg Ttp Sanrio,P-25030913,Mainan Edukasi & Kreatif,22500,48,0,,,
REVIEW,low,D,-,TAS,name,images=1,cms8wonmj0043nrm4hc32b2d6,TAS DUS 49078 FUN DOH NAURA PARTY BAG,Mainan Kerajinan Kreatif Anak Tas Dus 49078 Fun Doh Naura Party Bag,8990001596904,Mainan Edukasi & Kreatif,45000,26,0,Y,,token ambigu (Tier D): TAS
REVIEW,low,D,-,TAS,name,images=1,cmryqjjcd01b3nrx4gubet7jh,TAS R ABC ZHIHUISHU BC JJUKO2,Tas Anak Lucu R Abc Zhihuishu Bc JJUKO2,P-23070189,Mainan Edukasi & Kreatif,175000,6,0,Y,,token ambigu (Tier D): TAS
KEEP,high,A,LEGO,LEGO,name,images=1,cmryqh9kf003wnrx49v6k4got,TATAKAN LEGO BSR BARU,Mainan Balok Susun Kreatif Tatakan Lego Bsr Baru,8990001253005,Mainan Edukasi & Kreatif,40000,18,0,,,
KEEP,high,B,DC Comics,BATMAN,name,images=1,cmryqh9ze0043nrx4ml7blgam,BATMAN SET 22777 KNIGHT GALAXY + TOPENG,Mainan Anak Seru Batman Set 22777 Knight Galaxy + Topeng,8990001294626,Mainan Lainnya,37500,1,0,,,
REVIEW,low,D,-,DINO,name,images=1,cms8wonmk004tnrm4ofi2tdjn,BATTLE DINO KTG YG 30,Mainan Figur Dinosaurus Battle Dino Ktg Yg 30,P-23060308,Mainan Lainnya,15000,36,0,Y,,token ambigu (Tier D): DINO
REVIEW,low,D,-,DINO,name,images=1,cms8wonmk0059nrm43qjo6k9t,DINO BO DUS NY018-B DINO VALLEY,Mainan Figur Dinosaurus Dino Bo Dus NY018-B Dino Valley,8990001556069,Mainan Lainnya,89000,36,0,Y,,token ambigu (Tier D): DINO
REVIEW,low,D,-,DINO,name,images=1,cms8wonmk005anrm4ea6jd1xk,DINO BO KTG 66-051008 WALKING WITH DINOSAUR,Mainan Figur Dinosaurus Dino Bo Ktg 66-051008 Walking With Dinosaur,P-25010260,Mainan Lainnya,26000,36,0,Y,,token ambigu (Tier D): DINO
REVIEW,low,D,-,DINO,name,images=1,cms8wonmk005bnrm4zu3c3hrc,DINO BO KTG B205 DINOSAURUS PRASEJARAH,Mainan Figur Dinosaurus Dino Bo Ktg B205 Dinosaurus Prasejarah,P-23120551,Mainan Lainnya,31500,37,0,Y,,token ambigu (Tier D): DINO
REVIEW,low,D,-,DINO,name,,cms8wonmk005cnrm4bnba4qz4,DINO BO LOS PR-17668,Mainan Figur Dinosaurus Dino Bo Los PR-17668,P-23041250,Mainan Lainnya,97500,43,0,Y,,token ambigu (Tier D): DINO
REVIEW,low,D,-,DINO,name,images=1,cms8wonmk005dnrm429bq38ar,DINO KTG ANIMAL WORLD ONIE,Mainan Figur Dinosaurus Dino Ktg Animal World Onie,8990001827329,Mainan Lainnya,22000,42,0,Y,,token ambigu (Tier D): DINO
REVIEW,low,D,-,DINO,name,images=1,cms8wonmk005enrm4j5596qyr,DINO KTG F283 DINO WORLD,Mainan Figur Dinosaurus Dino Ktg F283 Dino World,8990001738038,Mainan Lainnya,42500,48,0,Y,,token ambigu (Tier D): DINO
REVIEW,low,D,-,DINO,name,images=1,cms8wonmk005fnrm4uddsnyb5,DINO KTG JM-SMN035 DINOSAUR TOP,Mainan Figur Dinosaurus Dino Ktg JM-SMN035 Dinosaur Top,P-24090469,Mainan Lainnya,49000,42,0,Y,,token ambigu (Tier D): DINO
REVIEW,low,D,-,DINO,name,images=1,cms8wonmk005gnrm4t0sjbnwc,DINO KTG ONIE,Mainan Figur Dinosaurus Dino Ktg Onie,8990001731176,Mainan Lainnya,12500,51,0,Y,,token ambigu (Tier D): DINO
REVIEW,low,D,-,DINO,name,,cms8wonmk005hnrm4sq4kec5o,DINO LOS BD988-1/3,Mainan Figur Dinosaurus Dino Los BD988-1/3,8990001831982,Mainan Lainnya,80000,36,0,Y,,token ambigu (Tier D): DINO
REVIEW,low,D,-,DINO,name,images=1,cms8wonmk005inrm4xscqxg7s,DINO LOS PR-17670,Mainan Figur Dinosaurus Dino Los PR-17670,P-23041166,Mainan Lainnya,40000,48,0,Y,,token ambigu (Tier D): DINO
REVIEW,low,D,-,DINO,name,images=1,cms8wonmk005jnrm4fcckfe2z,DINO SAYAP KTG 730 DINOSAUR,Mainan Figur Dinosaurus Dino Sayap Ktg 730 Dinosaur,8990001504763,Mainan Lainnya,36500,45,0,Y,,token ambigu (Tier D): DINO
REVIEW,low,D,-,DINO,name,images=1,cms8wons1005knrm47un2065k,DINO SET DN704 DINOSAURUS,Mainan Figur Dinosaurus Dino Set DN704 Dinosaurus,P-24080153,Mainan Lainnya,10000,48,0,Y,,token ambigu (Tier D): DINO
REVIEW,low,D,-,DINO,name,images=1,cmryqhaei004bnrx45ktn6aq1,DINO SET OCT 1234 6PCS DINOSAUR,Mainan Figur Dinosaurus Dino Set Oct 1234 6PCS Dinosaur,P-24100634,Mainan Lainnya,13500,36,0,Y,,token ambigu (Tier D): DINO
REVIEW,low,D,-,DINO,name,images=1,cms8wons1005lnrm41221w212,DINO TARIK KTG OCT 7250 CUTE DINOSAUR,Mainan Figur Dinosaurus Dino Tarik Ktg Oct 7250 Cute Dinosaur,P-24100278,Mainan Lainnya,12000,42,0,Y,,token ambigu (Tier D): DINO
KEEP,high,B,Sanrio,KUROMI,name,images=1,cms8wons1006onrm4lsgeubsa,GITAR SET 5011 KUROMI GUITAR,Mainan Alat Musik Anak Gitar Set 5011 Kuromi Guitar,P-24110358,Mainan Lainnya,30000,12,0,,,
KEEP,high,B,Marvel,SPIDER-MAN,name,images=1,cmryqhaud004jnrx4l6707oho,GITAR SET OCT 315 GUITAR SPIDERMAN,Mainan Alat Musik Anak Gitar Set Oct 315 Guitar Spiderman,8990001790517,Mainan Lainnya,14000,24,0,,,
KEEP,high,A,Bandai,GUNDAM,name,images=1,cmryqhay3004lnrx4hoxjh5n3,GITAR SET OCT 316 GUITAR GUNDAM,Mainan Alat Musik Anak Gitar Set Oct 316 Guitar Gundam,8990001790555,Mainan Lainnya,14000,12,0,,,
REVIEW,low,D,-,DINO,name,images=1,cms8wons1006rnrm4gv4pih5i,GOGO DINO DUS 28805 772 TOYS,Mainan Figur Dinosaurus Gogo Dino Dus 28805 772 Toys,P-25010585,Mainan Lainnya,28000,159,0,Y,,token ambigu (Tier D): DINO
KEEP,high,A,Mattel,THOMAS,name,images=1,cmryqhblm004xnrx4mk7z7nrt,KA BO MIKA 05039 TRACK TRAIN THOMAS,Mainan Anak Seru Ka Bo Mika 05039 Track Train Thomas,8990001581030,Mainan Lainnya,42500,12,0,,,
KEEP,high,A,Hasbro,MONOPOLY,name,images=1,cms8wons20075nrm4p8pyf4ht,KARTU MONOPOLY DEAL 5215,Mainan Permainan Keluarga Kartu Monopoly Deal 5215,P-25030257,Mainan Lainnya,12500,78,0,,,
KEEP,high,A,Mattel,THOMAS,name,images=1,cms8wons20071nrm4q3kc2es4,KERETA API BO MIKA 05039 THOMAS TRACK TRAIN,Kendaraan Mainan Anak Kereta Api Bo Mika 05039 Thomas Track Train,P-23050986,Mainan Lainnya,40000,48,0,,,
KEEP,high,A,Mattel,THOMAS,name,images=1,cms8wons20072nrm4yriuu98n,KERETA API PUTAR KTG IM-282 THOMAS,Kendaraan Mainan Anak Kereta Api Putar Ktg IM-282 Thomas,P-25051085,Mainan Lainnya,15000,12,0,,,
REVIEW,low,D,-,DINO,name,images=1,cms8wons2007dnrm407w509ef,LEPAK LUNCH BOX DINO,Mainan Figur Dinosaurus Lepak Lunch Box Dino,P-23070258,Mainan Lainnya,35000,48,0,Y,,token ambigu (Tier D): DINO
KEEP,high,A,Hasbro,MONOPOLI,name,images=1,cmryqhdhs005tnrx4n1zgui0c,MONOPOLI 5IN1 INTERNASIONAL,Mainan Permainan Keluarga Monopoli 5IN1 Internasional,8990001779994,Mainan Lainnya,20000,342,0,,,
KEEP,high,A,Hasbro,MONOPOLI,name,images=1,cms8wons2007lnrm41ebttoby,MONOPOLI ANTIK BARU,Mainan Permainan Keluarga Monopoli Antik Baru,8990001244409,Mainan Lainnya,12500,24,0,,,
KEEP,high,A,Hasbro,MONOPOLI,name,images=1,cmryqhdp7005xnrx4nq17x47w,MONOPOLI BARU,Mainan Permainan Keluarga Monopoli Baru,8990001425150,Mainan Lainnya,12500,24,0,,,
KEEP,high,A,Hasbro,MONOPOLI,name,images=1,cms8wons2007mnrm45o55e3ph,MONOPOLI CANDI INTERNATIONAL,Mainan Permainan Keluarga Monopoli Candi International,P-24080718,Mainan Lainnya,9000,24,0,,,
KEEP,high,A,Hasbro,MONOPOLI,name,images=1,cms8wons2007nnrm42mrv9tsj,MONOPOLI DUNIA,Mainan Permainan Keluarga Monopoli Dunia,8990001822454,Mainan Lainnya,13500,324,0,,,
KEEP,high,A,Hasbro,MONOPOLI,name,images=1,cmryqhdsu005znrx4f661i5et,MONOPOLI DUNIA BARU,Mainan Permainan Keluarga Monopoli Dunia Baru,8990001244393,Mainan Lainnya,12500,12,0,,,
KEEP,high,A,Hasbro,MONOPOLI,name,images=1,cms8wons2007onrm42ogu1he6,MONOPOLI DUS 737E GLOBAL VILLAGE,Mainan Permainan Keluarga Monopoli Dus 737E Global Village,8990001416493,Mainan Lainnya,54000,8,0,,,
KEEP,high,A,Hasbro,MONOPOLY,name,images=1,cms8wons2007pnrm447jwycr3,MONOPOLI DUS E2007 MONOPOLY,Mainan Permainan Keluarga Monopoli Dus E2007 Monopoly,P-25070868,Mainan Lainnya,50000,10,0,,,
KEEP,high,A,Hasbro,MONOPOLI,name,images=1,cmryqhdwm0061nrx4xkx7b42q,MONOPOLI FANCY,Mainan Permainan Keluarga Monopoli Fancy,8990001212736,Mainan Lainnya,11000,24,0,,,
KEEP,high,A,Hasbro,MONOPOLI,name,images=1,cmryqhe0a0063nrx46nx5zjum,MONOPOLI INTER FANCY,Mainan Permainan Keluarga Monopoli Inter Fancy,8990001033775,Mainan Lainnya,9000,48,0,,,
KEEP,high,A,Hasbro,MONOPOLI,name,images=1,cms8wons2007qnrm4cbsvotwr,MONOPOLI INTERNASIONAL 5 IN 1 MERAH,Mainan Permainan Keluarga Monopoli Internasional 5 In 1 Merah,8990001438983,Mainan Lainnya,18500,12,0,,,
KEEP,high,A,Hasbro,MONOPOLI,name,images=1,cms8wons2007rnrm4qay4u6yl,MONOPOLI INTERNASIONAL 5IN1,Mainan Permainan Keluarga Monopoli Internasional 5IN1,P-24110459,Mainan Lainnya,21000,48,0,,,
KEEP,high,A,Hasbro,MONOPOLI,name,images=1,cmryqhe3z0065nrx441y493ut,MONOPOLI INTERNATIONAL NARUTO/AB,Mainan Permainan Keluarga Monopoli International Naruto/Ab,8990001470549,Mainan Lainnya,9000,12,0,,,
KEEP,high,A,Hasbro,MONOPOLI,name,images=1,cms8wons2007snrm4vsvzvxgd,MONOPOLI KTG KECIL,Mainan Permainan Keluarga Monopoli Ktg Kecil,8990001057375,Mainan Lainnya,4500,9,0,,,
KEEP,high,A,Hasbro,MONOPOLI,name,images=1,cms8wons2007tnrm4qjpvsh8j,MONOPOLI KTG W005 UNIVERSAL,Mainan Permainan Keluarga Monopoli Ktg W005 Universal,P-24061024,Mainan Lainnya,11000,12,0,,,
KEEP,high,A,Hasbro,MONOPOLI,name,images=1,cmryqhe7o0067nrx45t3l5ns6,MONOPOLI NARUTO ANGRY BIRD,Mainan Permainan Keluarga Monopoli Naruto Angry Bird,8990001112296,Mainan Lainnya,8500,12,0,,,
KEEP,high,A,Hasbro,MONOPOLI,name,images=1,cms8wons2007unrm4ccwp8nik,MONOPOLI NASIONAL,Mainan Permainan Keluarga Monopoli Nasional,8990001630127,Mainan Lainnya,12500,24,0,,,
KEEP,high,B,Disney,STITCH,name,images=1,cms8wons2007znrm40q989m15,PB LOS ANIMAL VESPA STITCH,Mainan Anak Seru Pb Los Animal Vespa Stitch,P-24110796,Mainan Lainnya,37500,12,0,,,
REVIEW,low,D,-,DINO,name,images=1,cms8wons20080nrm4y2xnbgmx,PB LOS DINO MH168-145,Mainan Figur Dinosaurus Pb Los Dino MH168-145,P-23040081,Mainan Lainnya,42500,36,0,Y,,token ambigu (Tier D): DINO
KEEP,high,B,Ultraman,ULTRAMAN,name,images=1,cmryqhef8006bnrx4l009b1r1,PEDANG BO SET OCT717 ULTRAMAN,Mainan Pedang Kostum Anak Bo Set OCT717 Ultraman,P-23100835,Mainan Lainnya,30000,12,0,,,
REVIEW,low,D,-,POLICE,name,images=1,cms8woo4o008jnrm40ft5zs5l,PISTOL BO SET OCT 8262 POLICE WEAPON,Mainan Tembak Anak Pistol Bo Set Oct 8262 Police Weapon,P-25110055,Mainan Lainnya,35000,24,0,Y,,token ambigu (Tier D): POLICE
REVIEW,low,D,-,POLICE,name,images=1,cms8woo4o008pnrm4wt02m43d,PISTOL ETEK P-228 GUN POLICE,Mainan Tembak Anak Pistol Etek P-228 Gun Police,8990001526734,Mainan Lainnya,15000,25,0,Y,,token ambigu (Tier D): POLICE
REVIEW,low,D,-,POLICE,name,images=1,cms8woo4o008qnrm4rvnqcpq0,PISTOL ETEK P-228 POLICE,Mainan Tembak Anak Pistol Etek P-228 Police,P-26050408,Mainan Lainnya,16500,12,0,Y,,token ambigu (Tier D): POLICE
REVIEW,low,D,-,POLICE,name,images=1,cms8woo4o008rnrm4fpmkqj1j,PISTOL ETEK P-278-1 POLICE,Mainan Tembak Anak Pistol Etek P-278-1 Police,P-24050918,Mainan Lainnya,21000,3,0,Y,,token ambigu (Tier D): POLICE
REVIEW,low,D,-,POLICE,name,images=1,cms8woo4o008ynrm4tpew2gol,PISTOL ETEK SET LD 631-1 POLICE AK-47,Mainan Tembak Anak Pistol Etek Set Ld 631-1 Police AK-47,8990001565733,Mainan Lainnya,27500,12,0,Y,,token ambigu (Tier D): POLICE
REVIEW,low,D,-,POLICE,name,images=1,cms8woo4o0092nrm4iu9c8p6c,PISTOL KTG OCT 8300 SHOOTING GAME POLICE,Mainan Tembak Anak Pistol Ktg Oct 8300 Shooting Game Police,P-24120205,Mainan Lainnya,10000,12,0,Y,,token ambigu (Tier D): POLICE
KEEP,high,B,Marvel,AVENGERS,name,images=1,cmryqhfd8006tnrx4cfwxycir,PISTOL SET 341-5 CAPT AMERICA AVENGERS,Mainan Tembak Anak Pistol Set 341-5 Capt America Avengers,P-23041134,Mainan Lainnya,37500,12,0,,,
REVIEW,low,D,-,POLICE,name,images=1,cmryqhfh1006vnrx4rl539xfn,PISTOL SET 555AW WINS POWER POLICE,Mainan Tembak Anak Pistol Set 555AW Wins Power Police,P-23060516,Mainan Lainnya,37500,12,0,Y,,token ambigu (Tier D): POLICE
REVIEW,low,D,-,POLICE,name,images=1,cmryqhfkw006xnrx4iqdvxf6v,PISTOL SET 6821 SWAT POLICE SERIES,Mainan Tembak Anak Pistol Set 6821 Swat Police Series,8990001018116,Mainan Lainnya,12000,12,0,Y,,token ambigu (Tier D): POLICE
REVIEW,low,D,-,SUPER,name,images=1,cms8woo4o0099nrm44fgj2wdd,PISTOL SET 7316-12 SHOOTING SUPER JUSTICE FORCE,Mainan Tembak Anak Pistol Set 7316-12 Shooting Super Justice Force,8990001832033,Mainan Lainnya,21000,156,0,Y,,token ambigu (Tier D): SUPER
REVIEW,low,D,-,POLICE,name,images=1,cmryqhfon006znrx4akxoexq2,PISTOL SET 767-4 POLICE EQUIPMENT,Mainan Tembak Anak Pistol Set 767-4 Police Equipment,P-25020605,Mainan Lainnya,34000,61,0,Y,,token ambigu (Tier D): POLICE
REVIEW,low,D,-,POLICE,name,images=1,cms8woo4o009anrm4iby4tmi9,PISTOL SET BP 7856 POLICE APPLIANCE,Mainan Tembak Anak Pistol Set Bp 7856 Police Appliance,P-25120083,Mainan Lainnya,25000,12,0,Y,,token ambigu (Tier D): POLICE
REVIEW,low,D,-,CITY,name,images=1,cms8woo4o009bnrm453gqoctq,PISTOL SET DE 101 POLICE MIAMI CITY,Mainan Tembak Anak Pistol Set De 101 Police Miami City,8990001653140,Mainan Lainnya,17000,12,0,Y,,token ambigu (Tier D): CITY
REVIEW,low,D,-,POLICE,name,images=1,cmryqhfsf0071nrx4x0pnagvr,PISTOL SET DE 88 POLICE WEAPONS,Mainan Tembak Anak Pistol Set De 88 Police Weapons,8990001282982,Mainan Lainnya,14500,12,0,Y,,token ambigu (Tier D): POLICE
REVIEW,low,D,-,POLICE,name,images=1,cms8woo4o009cnrm4eu9tpqqd,PISTOL SET DE 99 SPECIAL POLICE,Mainan Tembak Anak Pistol Set De 99 Special Police,8990001592401,Mainan Lainnya,14500,12,0,Y,,token ambigu (Tier D): POLICE
REVIEW,low,D,-,POLICE,name,images=1,cmryqhfw50073nrx4bmxydtcw,PISTOL SET DT 1550 POLICE GUN SET,Mainan Tembak Anak Pistol Set Dt 1550 Police Gun Set,8990001435777,Mainan Lainnya,12500,12,0,Y,,token ambigu (Tier D): POLICE
REVIEW,low,D,-,POLICE,name,images=1,cms8woo4o009inrm4u3drk9gp,PISTOL SET OCT 8118 POLICE GUN,Mainan Tembak Anak Pistol Set Oct 8118 Police Gun,8990001827381,Mainan Lainnya,17000,12,0,Y,,token ambigu (Tier D): POLICE
REVIEW,low,D,-,SUPER,name,images=1,cms8woo4o009lnrm47cx6xz93,PISTOL SET OCT 8251 SUPER POLICE,Mainan Tembak Anak Pistol Set Oct 8251 Super Police,P-23040468,Mainan Lainnya,20000,12,0,Y,,token ambigu (Tier D): SUPER
REVIEW,low,D,-,POLICE,name,images=1,cms8woo4o009nnrm45ax6yehy,PISTOL SET OCT 8273 POLICE SHOOT GUN,Mainan Tembak Anak Pistol Set Oct 8273 Police Shoot Gun,P-23120226,Mainan Lainnya,20000,44,0,Y,,token ambigu (Tier D): POLICE
REVIEW,low,D,-,POLICE,name,images=1,cmryqhgba007bnrx403mzjriy,PISTOL SET P-278 POLICE BARETTA,Mainan Tembak Anak Pistol Set P-278 Police Baretta,8990001375554,Mainan Lainnya,35000,15,0,Y,,token ambigu (Tier D): POLICE
REVIEW,low,D,-,POLICE,name,images=1,cmryqhgf5007dnrx4qs67sm43,PISTOL SET P-278-3 POLICE B.A.R.E.T.T.A,Mainan Tembak Anak Pistol Set P-278-3 Police B.A.R.E.T.T.A,8990001718009,Mainan Lainnya,37500,57,0,Y,,token ambigu (Tier D): POLICE
REVIEW,low,D,-,POLICE,name,images=1,cmryqhgiv007fnrx45ikul1pg,PISTOL SET P-278-8 POLICE BARETTA,Mainan Tembak Anak Pistol Set P-278-8 Police Baretta,P-23070361,Mainan Lainnya,25000,52,0,Y,,token ambigu (Tier D): POLICE
REVIEW,low,D,-,POLICE,name,images=1,cms8woo4o009onrm4roo6xnk0,PISTOL SET PR-17810 POLICE,Mainan Tembak Anak Pistol Set PR-17810 Police,P-24011115,Mainan Lainnya,42000,12,0,Y,,token ambigu (Tier D): POLICE
REVIEW,low,D,-,POLICE,name,images=1,cms8woo4o009pnrm43veiv54b,PISTOL SET PR-17865 POLICE,Mainan Tembak Anak Pistol Set PR-17865 Police,P-25040872,Mainan Lainnya,28000,12,0,Y,,token ambigu (Tier D): POLICE
REVIEW,low,D,-,SPEED,name,images=1,cms8woo4o009qnrm44s3kayru,POP IT BO DUS AA701 SPEED PUSH GAME MACHINE,Mainan Anak Seru Pop It Bo Dus AA701 Speed Push Game Machine,P-24070713,Mainan Lainnya,45000,121,0,Y,,token ambigu (Tier D): SPEED
REVIEW,low,D,-,SPEED,name,images=1,cms8woo4o009rnrm4zzqbjvtq,POP IT BO DUS JM22463 SPEED PUSH GAME MACHINE,Mainan Anak Seru Pop It Bo Dus JM22463 Speed Push Game Machine,P-24110643,Mainan Lainnya,37500,101,0,Y,,token ambigu (Tier D): SPEED
REVIEW,low,D,-,SPEED,name,images=1,cms8woo4o009snrm4imz93kke,POP IT BO DUS SPEED PUSH GAME MACHINE,Mainan Anak Seru Pop It Bo Dus Speed Push Game Machine,P-24061099,Mainan Lainnya,42500,68,0,Y,,token ambigu (Tier D): SPEED
REVIEW,low,D,-,ROBOT,name,images=1,cms8woo4o009vnrm4zb5n6x4c,ROBOT BO KTG 088-20A ULTRAMEN,Mainan Robot Figur Anak Bo Ktg 088-20A Ultramen,P-23060132,Mainan Lainnya,26000,37,0,Y,,token ambigu (Tier D): ROBOT
REVIEW,low,D,-,ROBOT,name,images=1,cms8woo4o009wnrm4xifpqmtz,ROBOT BO KTG 44-05020 HKR SUPERHEROES,Mainan Robot Figur Anak Bo Ktg 44-05020 Hkr Superheroes,P-24120624,Mainan Lainnya,27000,42,0,Y,,token ambigu (Tier D): ROBOT
REVIEW,low,D,-,ROBOT,name,images=1,cms8woo4o009xnrm4r55jajuo,ROBOT BO MIKA 16A-3 LEAGUE LEGENDS,Mainan Robot Figur Anak Bo Mika 16A-3 League Legends,P-25100047,Mainan Lainnya,16000,72,0,Y,,token ambigu (Tier D): ROBOT
KEEP,high,B,Marvel,MARVEL,name,images=1,cmryqhgqb007jnrx4tet67gwe,ROBOT BO MIKA BP9555 MARVELOUS SUPERHEROES,Mainan Robot Figur Anak Bo Mika BP9555 Marvelous Superheroes,8990001715169,Mainan Lainnya,34000,4,0,,,
KEEP,high,A,Bandai,GUNDAM,name,images=1,cms8woo4o009ynrm4lgw9z3qj,ROBOT BO SET BFG 5001 GDW GUNDAM,Mainan Robot Figur Anak Bo Set Bfg 5001 Gdw Gundam,8990001612703,Mainan Lainnya,40000,5,0,,,
REVIEW,low,D,-,ROBOT,name,images=1,cms8woo4o009znrm4zarnq026,ROBOT DUS 05082 TOBOT,Mainan Robot Figur Anak Dus 05082 Tobot,8990001130825,Mainan Lainnya,21000,64,0,Y,,token ambigu (Tier D): ROBOT
REVIEW,low,D,-,ROBOT,name,images=1,cms8woo4o00a0nrm4upqy74p8,ROBOT DUS 1223 WARRIOR,Mainan Robot Figur Anak Dus 1223 Warrior,P-23080653,Mainan Lainnya,32500,48,0,Y,,token ambigu (Tier D): ROBOT
REVIEW,low,D,-,ROBOT,name,images=1,cms8woo4o00a1nrm4fggnb1w5,ROBOT DUS 283-5B MAINTENANCE JUSTICE,Mainan Robot Figur Anak Dus 283-5B Maintenance Justice,P-24080714,Mainan Lainnya,56000,47,0,Y,,token ambigu (Tier D): ROBOT
REVIEW,low,D,-,ROBOT,name,images=1,cms8woo4o00a2nrm4nu8ow1rn,ROBOT DUS 750-131 PATROL TEAM,Mainan Robot Figur Anak Dus 750-131 Patrol Team,P-25020553,Mainan Lainnya,32000,93,0,Y,,token ambigu (Tier D): ROBOT
REVIEW,low,D,-,ROBOT,name,images=1,cms8woo4o00a3nrm43dqaj7e3,ROBOT DUS 750-131Y PATROL TEAM,Mainan Robot Figur Anak Dus 750-131Y Patrol Team,P-23120448,Mainan Lainnya,29000,120,0,Y,,token ambigu (Tier D): ROBOT
REVIEW,low,D,-,ROBOT,name,images=1,cms8woo4o00a4nrm41330f7nh,ROBOT DUS 89001 LEGENDS AVCNGCRS,Mainan Robot Figur Anak Dus 89001 Legends Avcngcrs,P-23060179,Mainan Lainnya,26000,39,0,Y,,token ambigu (Tier D): ROBOT
REVIEW,low,D,-,ROBOT,name,,cms8woo4o00a5nrm4abkf08pd,ROBOT DUS DN9-B03 PATROL TEAM,Mainan Robot Figur Anak Dus DN9-B03 Patrol Team,P-25110057,Mainan Lainnya,29000,60,0,Y,,token ambigu (Tier D): ROBOT
REVIEW,low,D,-,ROBOT,name,images=1,cms8woo4o00a6nrm4m147ov8d,ROBOT DUS H6617A CYNEP KPBLNBR,Mainan Robot Figur Anak Dus H6617A Cynep Kpblnbr,8990001768578,Mainan Lainnya,32500,60,0,Y,,token ambigu (Tier D): ROBOT
REVIEW,low,D,-,ROBOT,name,images=1,cms8woo4o00a7nrm4vdu38h6l,ROBOT DUS HF8911 A/B JUSTICE,Mainan Robot Figur Anak Dus HF8911 A/B Justice,P-24100481,Mainan Lainnya,28000,46,0,Y,,token ambigu (Tier D): ROBOT
REVIEW,low,D,-,ROBOT,name,images=1,cms8woo4o00a8nrm4ltci893e,ROBOT DUS HY-8888 TRANSFORMING,Mainan Robot Figur Anak Dus HY-8888 Transforming,P-24020294,Mainan Lainnya,34000,165,0,Y,,token ambigu (Tier D): ROBOT
REVIEW,low,D,-,ROBOT,name,images=1,cms8woo4o00a9nrm4b7mpaxh5,ROBOT DUS K117 HERO UNIQUE SERIES,Mainan Robot Figur Anak Dus K117 Hero Unique Series,8990001691005,Mainan Lainnya,14000,60,0,Y,,token ambigu (Tier D): ROBOT
REVIEW,low,D,-,SUPER,name,images=1,cms8woo4o00aanrm4zcf8nm83,ROBOT DUS PR-17861 SUPER ROBOT,Mainan Robot Figur Anak Dus PR-17861 Super Robot,P-24071527,Mainan Lainnya,29000,60,0,Y,,token ambigu (Tier D): SUPER
REVIEW,low,D,-,ROBOT,name,images=1,cms8woo4p00abnrm45q8k8rug,ROBOT DUS TB5 TROBOT,Mainan Robot Figur Anak Dus TB5 Trobot,8990001826414,Mainan Lainnya,27500,80,0,Y,,token ambigu (Tier D): ROBOT
KEEP,high,A,Bandai,GUNDAM,name,images=1,cms8woo4p00acnrm4gs8ovaho,ROBOT KTG OCT 8174 GUNDAM UNIVERSE,Mainan Robot Figur Anak Ktg Oct 8174 Gundam Universe,P-23040673,Mainan Lainnya,15000,12,0,,,
REVIEW,low,D,-,ROBOT,name,images=1,cms8woo4p00adnrm4vtmjl3qw,ROBOT KTG OCT 8307 BUMBLE ROBOT,Mainan Robot Figur Anak Ktg Oct 8307 Bumble Robot,P-24090726,Mainan Lainnya,7500,48,0,Y,,token ambigu (Tier D): ROBOT
KEEP,high,A,Bandai,GUNDAM,name,images=1,cms8woo4p00aenrm43esa262h,ROBOT KTG OCT 8311 GUNDAM,Mainan Robot Figur Anak Ktg Oct 8311 Gundam,P-24110901,Mainan Lainnya,11000,6,0,,,
KEEP,high,B,Marvel,AVENGERS,name,images=1,cmryqhgu3007lnrx40s8cwsvj,ROBOT MIKA 2168 AVENGERS HERO 5PCS,Mainan Robot Figur Anak Mika 2168 Avengers Hero 5PCS,8990001485635,Mainan Lainnya,55000,1,0,,,
KEEP,high,B,Ultraman,ULTRAMAN,name,images=1,cmryqhgxw007nnrx4nyc15pj1,ROBOT MIKA 5945E HERO 4 PCS ULTRAMAN,Mainan Robot Figur Anak Mika 5945E Hero 4 Pcs Ultraman,8990001413959,Mainan Lainnya,32000,15,0,,,
KEEP,high,B,Ultraman,ULTRAMAN,name,images=1,cmryqhh1l007pnrx4k419k4ec,ROBOT MIKA BP 9567 AULTRAMAN,Mainan Robot Figur Anak Mika Bp 9567 Aultraman,8990001546718,Mainan Lainnya,58000,12,0,,,
KEEP,high,B,Marvel,AVENGERS,name,images=1,cmryqhh5b007rnrx4equknpdi,ROBOT MIKA HF003-5 AVENGERS,Mainan Robot Figur Anak Mika HF003-5 Avengers,P-25100528,Mainan Lainnya,28000,9,0,,,
KEEP,high,B,Marvel,AVENGERS,name,images=1,cmryqhh91007tnrx4jpp7i9fm,ROBOT MIKA HM00007 AVENGERS 4,Mainan Robot Figur Anak Mika HM00007 Avengers 4,8990001626328,Mainan Lainnya,80000,12,0,,,
REVIEW,low,D,-,ROBOT,name,images=1,cmryqhhd0007vnrx4xuvhwfx5,ROBOT MIKA SD-162 WARRIOR,Mainan Robot Figur Anak Mika SD-162 Warrior,P-24090743,Mainan Lainnya,24000,54,0,Y,,token ambigu (Tier D): ROBOT
REVIEW,low,D,-,ROBOT,name,images=1,cmryqhhgq007xnrx45796eegt,ROBOT MIKA SET 168-152 DEFORMATION,Mainan Robot Figur Anak Mika Set 168-152 Deformation,8990001687527,Mainan Lainnya,19000,69,0,Y,,token ambigu (Tier D): ROBOT
REVIEW,low,D,-,ROBOT,name,images=1,cmryqhhkf007znrx4ox9oekp5,ROBOT MIKA SET 378 DEFORM,Mainan Robot Figur Anak Mika Set 378 Deform,8990001742486,Mainan Lainnya,21000,50,0,Y,,token ambigu (Tier D): ROBOT
REVIEW,low,D,-,ROBOT,name,images=1,cmryqhho30081nrx4gzjuawkk,ROBOT MIKA SET 787-2 FRICTION ROBOTCAR,Mainan Robot Figur Anak Mika Set 787-2 Friction Robotcar,P-24120792,Mainan Lainnya,19000,46,0,Y,,token ambigu (Tier D): ROBOT
REVIEW,low,D,-,ROBOT,name,images=1,cms8woo4p00afnrm46iclx91s,ROBOT SET 007S-01T BRAVE DESTINY,Mainan Robot Figur Anak Set 007S-01T Brave Destiny,8990001668182,Mainan Lainnya,19000,48,0,Y,,token ambigu (Tier D): ROBOT
KEEP,high,B,Marvel,AVENGERS,name,images=1,cmryqhhrt0083nrx4zbrgqz23,ROBOT SET 11823 AVENGERS4,Mainan Robot Figur Anak Set 11823 AVENGERS4,P-24101126,Mainan Lainnya,63000,12,0,,,
REVIEW,low,D,-,ROBOT,name,images=1,cms8woo4p00agnrm4jb0rjt7j,ROBOT SET 1705/9 TRANSRORMERS,Mainan Robot Figur Anak Set 1705/9 Transrormers,8990001484423,Mainan Lainnya,17500,62,0,Y,,token ambigu (Tier D): ROBOT
KEEP,high,B,Ultraman,ULTRAMAN,name,images=1,cmryqhhvj0085nrx4bv14qfyt,ROBOT SET 2036A ULTRAMAN,Mainan Robot Figur Anak Set 2036A Ultraman,8990001762477,Mainan Lainnya,29000,36,0,,,
KEEP,high,B,Ultraman,ULTRAMAN,name,images=1,cmryqhhza0087nrx4vpo5ay9d,ROBOT SET 2047-1 ULTRAMAN,Mainan Robot Figur Anak Set 2047-1 Ultraman,8990001435890,Mainan Lainnya,11000,28,0,,,
KEEP,high,B,Ultraman,ULTRAMAN,name,images=1,cmryqhi2z0089nrx418485pv2,ROBOT SET 2061-2 SUPER ULTRAMAN 2 PCS BR B,Mainan Robot Figur Anak Set 2061-2 Super Ultraman 2 Pcs Br B,8990001060115,Mainan Lainnya,13000,45,0,,,
KEEP,high,B,DC Comics,BATMAN,name,images=1,cmryqhi6r008bnrx4x0rtj8fb,ROBOT SET 21288 BATMAN THECITY EUDEMON,Mainan Robot Figur Anak Set 21288 Batman Thecity Eudemon,8990001013500,Mainan Lainnya,16000,12,0,,,
REVIEW,low,D,-,ROBOT,name,images=1,cms8woo4p00ahnrm48w9hdaqy,ROBOT SET 3-3 TRANSFORMER JUN MEI,Mainan Robot Figur Anak Set 3-3 Transformer Jun Mei,8990001227471,Mainan Lainnya,20000,42,0,Y,,token ambigu (Tier D): ROBOT
REVIEW,low,D,-,ROBOT,name,images=1,cmryqhii7008hnrx4z642lt7g,ROBOT SET 3-6 TRANSFORMER,Mainan Robot Figur Anak Set 3-6 Transformer,8990001299645,Mainan Lainnya,17000,60,0,Y,,token ambigu (Tier D): ROBOT
REVIEW,low,D,-,CARS,name,images=1,cms8woo4p00ainrm49jxl1ugm,ROBOT SET 338-30 CARS,Mainan Robot Figur Anak Set 338-30 Cars,P-25010084,Mainan Lainnya,21000,42,0,Y,,token ambigu (Tier D): CARS
REVIEW,low,D,-,ROBOT,name,images=1,cms8woo4p00ajnrm4lbqwdyok,ROBOT SET 44-05020 TRANSFORMABLE,Mainan Robot Figur Anak Set 44-05020 Transformable,P-23100065,Mainan Lainnya,22500,72,0,Y,,token ambigu (Tier D): ROBOT
KEEP,high,B,Marvel,AVENGERS,name,images=1,cmryqhilx008jnrx46mmzmg0m,ROBOT SET 6969-42 AVENGERS,Mainan Robot Figur Anak Set 6969-42 Avengers,P-23040989,Mainan Lainnya,12000,24,0,,,
KEEP,high,A,Hasbro,TRANSFORMERS,name,images=1,cms8woo4p00aknrm4p4qz68nt,ROBOT SET 8001A TRANSFORMERS,Mainan Robot Figur Anak Set 8001A Transformers,,Mainan Lainnya,24500,59,0,,,
KEEP,high,A,Hasbro,TRANSFORMERS,name,images=1,cmryqhipn008lnrx4ktwcjtbx,ROBOT SET 8001A TRANSFORMERS BR B,Mainan Robot Figur Anak Set 8001A Transformers Br B,8990001763375,Mainan Lainnya,24500,59,0,,,
REVIEW,low,D,-,ROBOT,name,images=1,cms8woo4p00alnrm4etg015l5,ROBOT SET ABCD,Mainan Robot Figur Anak Set Abcd,8990001583546,Mainan Lainnya,4000,80,0,Y,,token ambigu (Tier D): ROBOT
REVIEW,low,D,-,ROBOT,name,images=1,cms8woo4p00amnrm48sxr6rc6,ROBOT SET BBR 123 ATTACK,Mainan Robot Figur Anak Set Bbr 123 Attack,8990001790371,Mainan Lainnya,25000,38,0,Y,,token ambigu (Tier D): ROBOT
KEEP,high,B,Ultraman,ULTRAMAN,name,images=1,cmryqhite008nnrx4dnp1qk66,ROBOT SET BBR-031 ULTRAMAN + TOPENG,Mainan Robot Figur Anak Set BBR-031 Ultraman + Topeng,8990001310104,Mainan Lainnya,26000,4,0,,,
KEEP,high,B,Ultraman,ULTRAMAN,name,images=1,cmryqhix2008pnrx4ao67xbhd,ROBOT SET FR 1208 ULTRAMAN 2PC,Mainan Robot Figur Anak Set Fr 1208 Ultraman 2PC,8990001345960,Mainan Lainnya,15000,10,0,,,
KEEP,high,B,Ultraman,ULTRAMAN,name,images=1,cmryqhj0t008rnrx4jpxk9s91,ROBOT SET FR 1211 ULTRAMAN 4PCS,Mainan Robot Figur Anak Set Fr 1211 Ultraman 4PCS,8990001397204,Mainan Lainnya,30000,25,0,,,
REVIEW,low,D,-,POLICE,name,images=1,cms8woo4p00annrm45bdb51yq,ROBOT SET HF1101-1 JUSTICE POLICE,Mainan Robot Figur Anak Set HF1101-1 Justice Police,P-24071492,Mainan Lainnya,70000,3,0,Y,,token ambigu (Tier D): POLICE
REVIEW,low,D,-,POLICE,name,images=1,cms8woo4p00aonrm4suoshn37,ROBOT SET HF1101-1A/2A CANDOR POLICE SERIES,Mainan Robot Figur Anak Set HF1101-1A/2A Candor Police Series,P-24080837,Mainan Lainnya,70000,20,0,Y,,token ambigu (Tier D): POLICE
KEEP,high,B,Ultraman,ULTRAMAN,name,images=1,cmryqhj4k008tnrx471mdv61l,ROBOT SET LR-609 ULTRAMAN ORBIT,Mainan Robot Figur Anak Set LR-609 Ultraman Orbit,P-24080373,Mainan Lainnya,19000,12,0,,,
KEEP,high,B,Marvel,AVENGERS,name,images=1,cmryqhj8p008vnrx4bdexivb3,ROBOT SET MIKA 988-5 AVENGERS4,Mainan Robot Figur Anak Set Mika 988-5 AVENGERS4,P-23040053,Mainan Lainnya,32500,48,0,,,
REVIEW,low,D,-,ROBOT,name,images=1,cms8woo4p00apnrm4n928aixn,ROBOT SET MP 609 AUTOBOTS PRIME,Mainan Robot Figur Anak Set Mp 609 Autobots Prime,8990001342303,Mainan Lainnya,17500,18,0,Y,,token ambigu (Tier D): ROBOT
REVIEW,low,D,-,ROBOT,name,images=1,cmryqhjg5008znrx43h8r3sqx,ROBOT SET MP 609 HUTOBOTS PRIME,Mainan Robot Figur Anak Set Mp 609 Hutobots Prime,P-24040774,Mainan Lainnya,19000,10,0,Y,,token ambigu (Tier D): ROBOT
KEEP,high,A,Bandai,GUNDAM,name,images=1,cms8woo4p00aqnrm4l381br3f,ROBOT SET OCT 8185 GUNDAM ZAKU,Mainan Robot Figur Anak Set Oct 8185 Gundam Zaku,P-24080814,Mainan Lainnya,14000,48,0,,,
KEEP,high,B,Ultraman,ULTRAMAN,name,images=1,cmryqhjju0091nrx438e67kwv,ROBOT SET OCT 8247 ULTRAMAN MEBIUS,Mainan Robot Figur Anak Set Oct 8247 Ultraman Mebius,P-24040775,Mainan Lainnya,13000,12,0,,,
REVIEW,low,D,-,SUPER,name,images=1,cms8woo4p00arnrm4vqq1c9nu,ROBOT SET OCT 8283 SUPER WARRIOR,Mainan Robot Figur Anak Set Oct 8283 Super Warrior,P-24011189,Mainan Lainnya,8000,48,0,Y,,token ambigu (Tier D): SUPER
REVIEW,low,D,-,SUPER,name,images=1,cmryqhjnk0093nrx4ultefc1b,ROBOT SET OCT 9964 AUTO SUPER ROBOT,Mainan Robot Figur Anak Set Oct 9964 Auto Super Robot,8990001403318,Mainan Lainnya,21000,48,0,Y,,token ambigu (Tier D): SUPER
REVIEW,low,D,-,ROBOT,name,images=1,cmryqhjr90095nrx4fhmewu7s,ROBOT SET OCT5324 AUTOBOTS,Mainan Robot Figur Anak Set OCT5324 Autobots,P-24120243,Mainan Lainnya,17500,49,0,Y,,token ambigu (Tier D): ROBOT
REVIEW,low,D,-,ROBOT,name,images=1,cmryqhjuz0097nrx4b50sg8id,ROBOT SET OCT8242 FRAMSTORNERS,Mainan Robot Figur Anak Set OCT8242 Framstorners,8990001678006,Mainan Lainnya,9000,54,0,Y,,token ambigu (Tier D): ROBOT
REVIEW,low,D,-,SUPER,name,images=1,cmryqhjyq0099nrx4gsr3uu4e,ROBOT SET OTN-023 ROBOT SUPER POWER,Mainan Robot Figur Anak Set OTN-023 Robot Super Power,8990001135639,Mainan Lainnya,20000,42,0,Y,,token ambigu (Tier D): SUPER
KEEP,high,B,Marvel,AVENGERS,name,images=1,cmryqhk2j009bnrx48r8c1hzm,ROBOT SET PP1022 AVENGERS 5PCS,Mainan Robot Figur Anak Set PP1022 Avengers 5PCS,8990001787821,Mainan Lainnya,17500,12,0,,,
KEEP,high,B,Ultraman,ULTRAMAN,name,images=1,cmryqhk69009dnrx49nul7r24,ROBOT SET R-129 ULTRAMAN 2 PCS,Mainan Robot Figur Anak Set R-129 Ultraman 2 Pcs,8990001040162,Mainan Lainnya,18000,12,0,,,
KEEP,high,B,Marvel,HULK,name,images=1,cmryqhk9y009fnrx4506d0llk,ROBOT SET R1166 HULK REVENGERS,Mainan Robot Figur Anak Set R1166 Hulk Revengers,8990001811847,Mainan Lainnya,21000,66,0,,,
REVIEW,low,D,-,ROBOT,name,images=1,cms8woo4p00asnrm45d6wqjp2,ROBOT SET R1708 TQBBQT-X,Mainan Robot Figur Anak Set R1708 Tqbbqt-X,P-24080165,Mainan Lainnya,13000,42,0,Y,,token ambigu (Tier D): ROBOT
REVIEW,low,D,-,ROBOT,name,images=1,cms8woo4p00atnrm48rjd64qu,ROBOT SET SD-129 AUTOBOTS,Mainan Robot Figur Anak Set SD-129 Autobots,P-23061010,Mainan Lainnya,60000,12,0,Y,,token ambigu (Tier D): ROBOT
REVIEW,low,D,-,ROBOT,name,images=1,cms8woo4p00aunrm4bw116ijr,ROBOT SET SD-175 DEFORMATION,Mainan Robot Figur Anak Set SD-175 Deformation,P-24100502,Mainan Lainnya,25000,44,0,Y,,token ambigu (Tier D): ROBOT
KEEP,high,B,Ultraman,ULTRAMAN,name,images=1,cmryqhkdo009hnrx477al5jrh,ROBOT SET WJS 147 ULTRAMAN,Mainan Robot Figur Anak Set Wjs 147 Ultraman,8990001113484,Mainan Lainnya,30000,13,0,,,
KEEP,high,B,Ultraman,ULTRAMAN,name,images=1,cmryqhkhg009jnrx4zk8i5tfj,ROBOT SET WJS 148 ULTRAMAN,Mainan Robot Figur Anak Set Wjs 148 Ultraman,8990001274383,Mainan Lainnya,15500,12,0,,,
REVIEW,low,D,-,ROBOT,name,images=1,cms8woo4p00avnrm4qnh9enze,ROBOT SET XQ138 DISTORTED LETTERS ABCD,Mainan Robot Figur Anak Set XQ138 Distorted Letters Abcd,P-23080025,Mainan Lainnya,5000,48,0,Y,,token ambigu (Tier D): ROBOT
REVIEW,low,D,-,ROBOT,name,images=1,cms8woo4p00aznrm4a9czao21,SPINER ROBOT JH4X5,Mainan Robot Figur Anak Spiner Robot JH4X5,8990001823109,Mainan Lainnya,10000,120,0,Y,,token ambigu (Tier D): ROBOT
REVIEW,low,D,-,ROBOT,name,images=1,cms8woo4p00b0nrm4qhfo98bo,SPINNER ROBOT,Mainan Robot Figur Anak Spinner Robot,P-25090928,Mainan Lainnya,11000,60,0,Y,,token ambigu (Tier D): ROBOT
KEEP,high,B,Sanrio,SANRIO,name,images=1,cmryqhkp3009nnrx4yyaserq0,SQUISHI CUP SANRIO JEO3,Mainan Remas Squishy Lucu Squishi Cup Sanrio JEO3,P-24120153,Mainan Lainnya,18000,4,0,,,
KEEP,high,B,McDonald's,MCD,name,images=1,cms8woo4p00b3nrm4nqjvf74b,SQUISHI KENTANG MCD,Mainan Remas Squishy Lucu Squishi Kentang Mcd,P-25100862,Mainan Lainnya,14000,84,0,,,
KEEP,high,B,Sanrio,KUROMI,name,images=1,cms8wooeq00b4nrm4ut734byz,SQUISHI KUROMI NYALA KM,Mainan Remas Squishy Lucu Squishi Kuromi Nyala Km,P-25051123,Mainan Lainnya,11000,24,0,,,
KEEP,high,B,Labubu,LABUBU,name,images=1,cmryqhkst009pnrx4jbx2dmcp,SQUISHI LABUBU JS JUO3,Mainan Remas Squishy Lucu Squishi Labubu Js JUO3,P-24100111,Mainan Lainnya,25000,12,0,,,
KEEP,high,B,Mixue,MIXUE,name,images=1,cms8wooeq00b5nrm4f67gcq86,SQUISHI MIXUE,Mainan Remas Squishy Lucu Squishi Mixue,P-23080739,Mainan Lainnya,10000,60,0,,,
KEEP,high,B,Sanrio,KUROMI,name,images=1,cms8wooeq00bfnrm4od29of7c,TONGKAT BO KTG 616-33 KUROMI,Mainan Anak Seru Tongkat Bo Ktg 616-33 Kuromi,P-24081291,Mainan Lainnya,36000,12,0,,,
KEEP,high,B,Sanrio,KUROMI,name,images=1,cms8wooeq00bgnrm4yxjyvoxy,TONGKAT BO KTG 9982 KUROMI,Mainan Anak Seru Tongkat Bo Ktg 9982 Kuromi,P-26020368,Mainan Lainnya,38500,12,0,,,
KEEP,high,B,Sanrio,KUROMI,name,images=1,cms8wooeq00bhnrm41in38piu,TONGKAT BO KTG KUROMI,Mainan Anak Seru Tongkat Bo Ktg Kuromi,P-25040076,Mainan Lainnya,36000,18,0,,,
REVIEW,low,D,-,PRINCESS,name,images=1,cms8wooeq00bknrm4nrl09ytu,TONGKAT BO SET 618 PRINCESS WAND,Mainan Anak Seru Tongkat Bo Set 618 Princess Wand,8990001227426,Mainan Lainnya,21000,78,0,Y,,token ambigu (Tier D): PRINCESS
KEEP,high,B,Marvel,HULK,name,images=1,cms8wooeq00btnrm4whzs13g0,TOPENG KTG HULK,Mainan Anak Seru Topeng Ktg Hulk,8990001348305,Mainan Lainnya,13000,57,0,,,
KEEP,high,B,Marvel,IRON MAN,name,,cms8wooeq00bunrm4ohsrenrx,TOPENG KTG IRONMAN,Mainan Anak Seru Topeng Ktg Ironman,8990001198672,Mainan Lainnya,13000,78,0,,,
REVIEW,low,D,-,POLICE,name,images=1,cms8wooer00bznrm48q3y7s2x,TRACK DUS 1232-71 POLICE CATAPULT,Mainan Anak Seru Track Dus 1232-71 Police Catapult,P-25030139,Mainan Lainnya,64000,6,0,Y,,token ambigu (Tier D): POLICE
KEEP,high,A,Mattel,THOMAS,name,images=1,cms8wooer00c2nrm4zrtv8rgl,TRACK THOMAS BO DUS 1112-5,Mainan Anak Seru Track Thomas Bo Dus 1112-5,8990001808632,Mainan Lainnya,58000,6,0,,,
KEEP,high,A,Mattel,THOMAS,name,images=1,cms8wooer00c3nrm4ap9rj9kp,TRACK THOMAS BO DUS A333-23 YUSHIXING,Mainan Anak Seru Track Thomas Bo Dus A333-23 Yushixing,8990001448920,Mainan Lainnya,170000,9,0,,,
REVIEW,low,D,-,UNO,name,images=1,cmryqhmlq00annrx4am8nz8q2,UNO STACKO,Mainan Permainan Keluarga Uno Stacko,8990001833085,Mainan Lainnya,65000,510,0,Y,,token ambigu (Tier D): UNO
REVIEW,low,D,-,UNO,name,images=1,cmryqhmpi00apnrx4sh8jqp3h,UNO STACKO KAYU 88016,Mainan Permainan Keluarga Uno Stacko Kayu 88016,8990001648771,Mainan Lainnya,65000,57,0,Y,,token ambigu (Tier D): UNO
REVIEW,low,D,-,UNO,name,images=1,cmryqhmt600arnrx4icy9mzo3,UNO STAKO 108 WISS TOY COKLAT,Mainan Permainan Keluarga Uno Stako 108 Wiss Toy Coklat,8990001453580,Mainan Lainnya,28000,72,0,Y,,token ambigu (Tier D): UNO
REVIEW,low,D,-,POLICE,name,images=1,cms8wooer00cenrm4p4q5k77u,BUS POLICE KTG B 330,Kendaraan Mainan Anak Bus Police Ktg B 330,8990001605941,Mobil & Kendaraan,22500,30,0,Y,,token ambigu (Tier D): POLICE
KEEP,high,B,Tayo,TAYO,name,images=1,cmryqhn0m00aunrx4f3o9l4lc,BUS TAYO + GARASI MT 42,Kendaraan Mainan Anak Bus Tayo + Garasi Mt 42,8990001784219,Mobil & Kendaraan,15500,167,0,,,
KEEP,high,B,Tayo,TAYO,name,images=1,cmryqhn4c00awnrx4vym4hpkk,BUS TAYO SET MB-161(178),Kendaraan Mainan Anak Bus Tayo Set MB-161(178),8990001284115,Mobil & Kendaraan,14500,12,0,,,
KEEP,high,A,Mattel,THOMAS & FRIENDS,name,images=1,cmryqhnk100b4nrx4nsfucdo2,DIE CAST 899-5 THOMAS & FRIENDS,Mobil Diecast Koleksi Die Cast 899-5 Thomas & Friends,8990001484010,Mobil & Kendaraan,70000,12,0,,,
REVIEW,low,D,-,CITY,name,images=1,cmryqilta00t7nrx411u9in5v,DIE CAST M8708 FORMULA MODERN CITY,Mobil Diecast Koleksi Die Cast M8708 Formula Modern City,P-23081186,Mobil & Kendaraan,32500,24,0,Y,,token ambigu (Tier D): CITY
KEEP,high,A,Mattel,THOMAS,name,,cms8wooer00conrm4jkai35b8,DIE CAST SET QQ-7/6299-13 THOMAS,Mobil Diecast Koleksi Die Cast Set QQ-7/6299-13 Thomas,P-26010227,Mobil & Kendaraan,13000,12,0,,,
KEEP,high,A,Beyblade,BEYBLADE,name,images=1;dup_of=cms8wooer00cunrm4r9dzh19j,cms8wooer00cunrm4r9dzh19j,GANGSING DUS 3368 BEY BLADE,Mainan Gasing Adu Putar Gangsing Dus 3368 Bey Blade,P-25010729,Mobil & Kendaraan,36000,102,0,Y,,duplikat nama dengan cms8wooer00cunrm4r9dzh19j
KEEP,high,A,Beyblade,BEYBLADE,name,images=1,cms8wooer00cvnrm4bpq1iv7e,GANGSING DUS BY534 BEYBLADE,Mainan Gasing Adu Putar Gangsing Dus BY534 Beyblade,P-25050609,Mobil & Kendaraan,41000,11,0,,,
REVIEW,low,D,-,DINO,name,images=1,cms8wooer00cynrm419h49kfz,GOGO DINO DUS 772A-8,Mainan Figur Dinosaurus Gogo Dino Dus 772A-8,P-25060277,Mobil & Kendaraan,29000,126,0,Y,,token ambigu (Tier D): DINO
REVIEW,low,D,-,POLICE,name,images=1,cms8wooer00cznrm42klmaakk,HELI BO DUS 777-27 POLICE,Kendaraan Mainan Anak Heli Bo Dus 777-27 Police,P-24070190,Mobil & Kendaraan,45000,6,0,Y,,token ambigu (Tier D): POLICE
REVIEW,low,D,-,POLICE,name,images=1,cms8wooer00d0nrm4wwpxey7c,HELI BO DUS 777-45 POLICE,Kendaraan Mainan Anak Heli Bo Dus 777-45 Police,8990001571314,Mobil & Kendaraan,82500,6,0,Y,,token ambigu (Tier D): POLICE
REVIEW,low,D,-,POLICE,name,images=1,cms8wooer00d1nrm4yxysnr9l,HELI BO DUS 8811 POLICE,Kendaraan Mainan Anak Heli Bo Dus 8811 Police,P-24070188,Mobil & Kendaraan,72500,6,0,Y,,token ambigu (Tier D): POLICE
REVIEW,low,D,-,POLICE,name,images=1,cms8wooer00d3nrm4yxz973uu,HELI BO DUS XD-11C POLICE AIRCRAFT,Kendaraan Mainan Anak Heli Bo Dus XD-11C Police Aircraft,P-25100015,Mobil & Kendaraan,47000,6,0,Y,,token ambigu (Tier D): POLICE
REVIEW,low,D,-,POLICE,name,images=1,cms8wooer00d5nrm4cmnvn0it,HELI SET OCT 5339 ACADEMY POLICE,Kendaraan Mainan Anak Heli Set Oct 5339 Academy Police,P-24120667,Mobil & Kendaraan,8000,24,0,Y,,token ambigu (Tier D): POLICE
REVIEW,low,D,-,POLICE,name,images=1,cms8wooer00danrm4s5ej7e9f,HELI TARIK SET 2561 POLICE ZOOM COPTER BSR,Kendaraan Mainan Anak Heli Tarik Set 2561 Police Zoom Copter Bsr,8990001013548,Mobil & Kendaraan,26000,12,0,Y,,token ambigu (Tier D): POLICE
REVIEW,low,D,-,POLICE,name,images=1,cms8wooer00dbnrm4hpkkj475,HELIKOPTER BO DUS 777-27 POLICE,Kendaraan Mainan Anak Helikopter Bo Dus 777-27 Police,8990001505975,Mobil & Kendaraan,52500,6,0,Y,,token ambigu (Tier D): POLICE
REVIEW,low,D,-,POLICE,name,images=1,cms8wooer00ddnrm4b71t875y,HELIKOPTER TARIK SET RKC07007-3 POLICE ZOOM COPTER,Kendaraan Mainan Anak Helikopter Tarik Set RKC07007-3 Police Zoom Copter,P-24030609,Mobil & Kendaraan,5500,24,0,Y,,token ambigu (Tier D): POLICE
KEEP,high,A,Hot Wheels,HOT WHEELS,name,images=1,cmryqho2n00benrx4s6kc4h41,HOT WHEELS BOX 5512-1A 12 PCS RC,Kendaraan Mainan Anak Hot Wheels Box 5512-1A 12 Pcs Rc,P-26051042,Mobil & Kendaraan,165000,12,0,,,
KEEP,high,A,Hot Wheels,HOT WHEELS,name,images=1,cmryqho6c00bgnrx46jzcu200,HOT WHEELS MT80 MOTORCYCLE RC,Kendaraan Mainan Anak Hot Wheels MT80 Motorcycle Rc,P-26060413,Mobil & Kendaraan,90000,12,0,,,
KEEP,high,A,Hot Wheels,HOT WHEELS,name,images=1,cmryqhoa100binrx43fdhm1rk,HOTWHEELS KOPER 5504-6A RC,Kendaraan Mainan Anak Hotwheels Koper 5504-6A Rc,P-25090978,Mobil & Kendaraan,58000,24,0,,,
KEEP,high,A,Hot Wheels,HOT WHEELS,name,images=1,cmryqhodr00bknrx4gl4fj4g1,HOTWHEELS KOPER 5508-5A RC,Kendaraan Mainan Anak Hotwheels Koper 5508-5A Rc,P-25090977,Mobil & Kendaraan,112000,24,0,,,
REVIEW,low,D,-,SUPER,name,images=1,cms8wooer00dgnrm4o6p7kxuv,JEEP KTG OCT 6542 SUPER HEROES,Kendaraan Mainan Anak Jeep Ktg Oct 6542 Super Heroes,P-24090540,Mobil & Kendaraan,12000,60,0,Y,,token ambigu (Tier D): SUPER
REVIEW,low,D,-,POLICE,name,images=1,cms8wooer00dinrm4ewgpw919,JEEP KTG OCT 6810 POLICE CAR,Kendaraan Mainan Anak Jeep Ktg Oct 6810 Police Car,P-25090486,Mobil & Kendaraan,22000,22,0,Y,,token ambigu (Tier D): POLICE
REVIEW,low,D,-,POLICE,name,images=1,cms8wooer00dknrm46i6rsc3d,JEEP SET 151-1 BIGFOOT POLICE,Kendaraan Mainan Anak Jeep Set 151-1 Bigfoot Police,P-23120846,Mobil & Kendaraan,14000,66,0,Y,,token ambigu (Tier D): POLICE
KEEP,high,A,Mattel,THOMAS,name,images=1,cms8wooer00dpnrm4htjfribs,KERETA API DUS 877-33 THOMAS,Kendaraan Mainan Anak Kereta Api Dus 877-33 Thomas,8990001027750,Mobil & Kendaraan,24000,12,0,,,
REVIEW,low,D,-,POLICE,name,images=1,cms8wooer00dsnrm441q2jpb5,MOBIL BO DUS 0730-8 POLICE,Kendaraan Mainan Anak Mobil Bo Dus 0730-8 Police,P-23100803,Mobil & Kendaraan,47500,9,0,Y,,token ambigu (Tier D): POLICE
REVIEW,low,D,-,POLICE,name,images=1,cms8wooer00dtnrm4u504h5ac,MOBIL BO DUS 2088-1W POLICE KING POWER,Kendaraan Mainan Anak Mobil Bo Dus 2088-1W Police King Power,8990001499236,Mobil & Kendaraan,45000,48,0,Y,,token ambigu (Tier D): POLICE
REVIEW,low,D,-,POLICE,name,images=1,cms8wooer00dunrm4w72h7b54,MOBIL BO DUS 333A-1 POLICE,Kendaraan Mainan Anak Mobil Bo Dus 333A-1 Police,P-23040865,Mobil & Kendaraan,40000,24,0,Y,,token ambigu (Tier D): POLICE
REVIEW,low,D,-,POLICE,name,images=1,cms8wooer00dvnrm4hmo7e6oj,MOBIL BO DUS 399B-05 COP POLICE CAR,Kendaraan Mainan Anak Mobil Bo Dus 399B-05 Cop Police Car,8990001793631,Mobil & Kendaraan,42500,5,0,Y,,token ambigu (Tier D): POLICE
REVIEW,low,D,-,POLICE,name,images=1,cms8wop1x00dwnrm4ovfuqxk9,MOBIL BO DUS 555A-1 POLICE,Kendaraan Mainan Anak Mobil Bo Dus 555A-1 Police,8990001727834,Mobil & Kendaraan,45000,12,0,Y,,token ambigu (Tier D): POLICE
REVIEW,low,D,-,SUPER,name,images=1,cms8wop1x00dxnrm4985c0ugt,MOBIL BO DUS 5908B SUPER POLICE CAR,Kendaraan Mainan Anak Mobil Bo Dus 5908B Super Police Car,P-24100507,Mobil & Kendaraan,60000,3,0,Y,,token ambigu (Tier D): SUPER
REVIEW,low,D,-,POLICE,name,images=1,cms8wop1x00e1nrm4dtsen8kg,MOBIL BO DUS 666A POLICE,Kendaraan Mainan Anak Mobil Bo Dus 666A Police,8990001547203,Mobil & Kendaraan,38000,6,0,Y,,token ambigu (Tier D): POLICE
REVIEW,low,D,-,POLICE,name,images=1,cms8wop1x00e2nrm4n4w4ce9b,MOBIL BO DUS 666A/555A POLICE,Kendaraan Mainan Anak Mobil Bo Dus 666A/555A Police,8990001698783,Mobil & Kendaraan,40000,6,0,Y,,token ambigu (Tier D): POLICE
REVIEW,low,D,-,POLICE,name,images=1,cms8wop1x00e3nrm4n6ddcytn,MOBIL BO DUS 6688B POLICE TUMBLING CAR,Kendaraan Mainan Anak Mobil Bo Dus 6688B Police Tumbling Car,8990001296934,Mobil & Kendaraan,21000,36,0,Y,,token ambigu (Tier D): POLICE
REVIEW,low,D,-,SPEED,name,images=1,cms8wop1x00e4nrm461m8acyh,MOBIL BO DUS 687 POLISI MODEL SPEED,Kendaraan Mainan Anak Mobil Bo Dus 687 Polisi Model Speed,8990001840601,Mobil & Kendaraan,43500,12,0,Y,,token ambigu (Tier D): SPEED
REVIEW,low,D,-,POLICE,name,images=1,cms8wop1x00e5nrm49ki4x8wt,MOBIL BO DUS 693 POLICE CAR,Kendaraan Mainan Anak Mobil Bo Dus 693 Police Car,P-24070253,Mobil & Kendaraan,62500,24,0,Y,,token ambigu (Tier D): POLICE
REVIEW,low,D,-,SUPER,name,images=1,cms8wop1x00e6nrm48m0lx40q,MOBIL BO DUS 693 SUPER POLICE,Kendaraan Mainan Anak Mobil Bo Dus 693 Super Police,P-24050998,Mobil & Kendaraan,67500,12,0,Y,,token ambigu (Tier D): SUPER
REVIEW,low,D,-,POLICE,name,images=1,cms8wop1x00e7nrm42ji2bx3r,MOBIL BO DUS 816A POLICE VENOM GOD OF WAR,Kendaraan Mainan Anak Mobil Bo Dus 816A Police Venom God Of War,P-25051070,Mobil & Kendaraan,64000,6,0,Y,,token ambigu (Tier D): POLICE
REVIEW,low,D,-,POLICE,name,images=1,cms8wop1x00e8nrm43pb0rm67,MOBIL BO DUS 857A-15 POLICE,Kendaraan Mainan Anak Mobil Bo Dus 857A-15 Police,P-23050636,Mobil & Kendaraan,52500,12,0,Y,,token ambigu (Tier D): POLICE
KEEP,high,A,Mattel,THOMAS,name,images=1,cms8wop1x00eanrm4icn0igwi,MOBIL BO DUS 8992 TRAIN GO GO THOMAS,Kendaraan Mainan Anak Mobil Bo Dus 8992 Train Go Go Thomas,P-23040897,Mobil & Kendaraan,75000,24,0,,,
REVIEW,low,D,-,POLICE,name,images=1,cms8wop1x00ebnrm4tu19w1bi,MOBIL BO DUS 8997 POLICE VENOM GOD OF WAR,Kendaraan Mainan Anak Mobil Bo Dus 8997 Police Venom God Of War,P-25020288,Mobil & Kendaraan,61000,12,0,Y,,token ambigu (Tier D): POLICE
REVIEW,low,D,-,POLICE,name,images=1,cms8wop1x00ecnrm492wnneiz,MOBIL BO DUS 9932 POLICE PURSUIT,Kendaraan Mainan Anak Mobil Bo Dus 9932 Police Pursuit,P-24080332,Mobil & Kendaraan,69000,24,0,Y,,token ambigu (Tier D): POLICE
REVIEW,low,D,-,POLICE,name,images=1,cms8wop1x00ednrm4kja7prhy,MOBIL BO DUS 999B-4 POLICE,Kendaraan Mainan Anak Mobil Bo Dus 999B-4 Police,8990001772322,Mobil & Kendaraan,39000,12,0,Y,,token ambigu (Tier D): POLICE
REVIEW,low,D,-,POLICE,name,images=1,cms8wop1x00ehnrm4eeckpem3,MOBIL BO DUS HY038/H383 3D POLICE CAR,Kendaraan Mainan Anak Mobil Bo Dus HY038/H383 3D Police Car,8990001772285,Mobil & Kendaraan,37500,6,0,Y,,token ambigu (Tier D): POLICE
REVIEW,low,D,-,POLICE,name,images=1,cms8wop1x00einrm413k4wz9t,MOBIL BO DUS J360 POLICE TUMBLING CAR,Kendaraan Mainan Anak Mobil Bo Dus J360 Police Tumbling Car,P-23100645,Mobil & Kendaraan,21000,12,0,Y,,token ambigu (Tier D): POLICE
REVIEW,low,D,-,POLICE,name,,cms8wop1x00ejnrm4gb2ggh1x,MOBIL BO DUS JY687 POLICE CAR,Kendaraan Mainan Anak Mobil Bo Dus JY687 Police Car,P-25091025,Mobil & Kendaraan,76000,12,0,Y,,token ambigu (Tier D): POLICE
REVIEW,low,D,-,POLICE,name,images=1,cms8wop1x00elnrm496tk03k6,MOBIL BO DUS M11-B POLICE,Kendaraan Mainan Anak Mobil Bo Dus M11-B Police,8990001556205,Mobil & Kendaraan,21000,36,0,Y,,token ambigu (Tier D): POLICE
KEEP,high,A,Mattel,THOMAS & FRIENDS,name,images=1,cms8wop1x00emnrm4edk75rr3,MOBIL BO DUS M11-F THOMAS&FRIENDS,Kendaraan Mainan Anak Mobil Bo Dus M11-F Thomas&Friends,8990001512607,Mobil & Kendaraan,21000,12,0,,,
REVIEW,low,D,-,POLICE,name,images=1,cms8wop1x00ennrm4i7f3gttl,MOBIL BO DUS PR-17625 POLICE CAR,Kendaraan Mainan Anak Mobil Bo Dus PR-17625 Police Car,P-23100633,Mobil & Kendaraan,37500,12,0,Y,,token ambigu (Tier D): POLICE
REVIEW,low,D,-,POLICE,name,images=1,cms8wop1x00eonrm4twikigsz,MOBIL BO DUS RX1800-26 POLICE CAR,Kendaraan Mainan Anak Mobil Bo Dus RX1800-26 Police Car,8990001730988,Mobil & Kendaraan,47000,24,0,Y,,token ambigu (Tier D): POLICE
REVIEW,low,D,-,SUPER,name,images=1,cms8wop1x00epnrm4iyfgpprp,MOBIL BO DUS ST 22-C20 SUPER POLICE CAR,Kendaraan Mainan Anak Mobil Bo Dus St 22-C20 Super Police Car,8990001256365,Mobil & Kendaraan,27500,36,0,Y,,token ambigu (Tier D): SUPER
KEEP,high,A,Mattel,THOMAS & FRIENDS,name,images=1,cms8wop1x00eqnrm457lis9w3,MOBIL BO DUS V313 THOMAS & FRIENDS,Kendaraan Mainan Anak Mobil Bo Dus V313 Thomas & Friends,P-25050430,Mobil & Kendaraan,20000,42,0,,,
REVIEW,low,D,-,POLICE,name,images=1,cms8wop1x00ernrm4w88tlshi,MOBIL BO DUS W6699-56 POLICE DEFORMATION,Kendaraan Mainan Anak Mobil Bo Dus W6699-56 Police Deformation,P-24061054,Mobil & Kendaraan,52500,9,0,Y,,token ambigu (Tier D): POLICE
REVIEW,low,D,-,CARS,name,,cms8wop1x00f1nrm4af42nv07,MOBIL BO MIKA DM 02 LUXURY CARS HAICE,Kendaraan Mainan Anak Mobil Bo Mika Dm 02 Luxury Cars Haice,P-25110552,Mobil & Kendaraan,61500,73,0,Y,,token ambigu (Tier D): CARS
REVIEW,low,D,-,CARS,name,images=1,cms8wop1x00fdnrm4e2ayqvxt,MOBIL DUS 546-9K6 CARS,Kendaraan Mainan Anak Mobil Dus 546-9K6 Cars,8990001672592,Mobil & Kendaraan,24000,66,0,Y,,token ambigu (Tier D): CARS
REVIEW,low,D,-,POLICE,name,images=1,cms8wop1y00fknrm419ubwh0e,MOBIL KTG 22-024605P RACE KING POLICE,Kendaraan Mainan Anak Mobil Ktg 22-024605P Race King Police,P-25050227,Mobil & Kendaraan,7000,25,0,Y,,token ambigu (Tier D): POLICE
REVIEW,low,D,-,POLICE,name,images=1,cms8wop1y00fmnrm4s9buk6eq,MOBIL KTG 6678-18 ASSEMBLING POLICE FORCE,Kendaraan Mainan Anak Mobil Ktg 6678-18 Assembling Police Force,P-23080862,Mobil & Kendaraan,90000,12,0,Y,,token ambigu (Tier D): POLICE
REVIEW,low,D,-,DINO,name,images=1,cms8wop1y00frnrm4z7cci2ak,MOBIL KTG CRANE DINO WORLD,Mainan Figur Dinosaurus Mobil Ktg Crane Dino World,P-23060902,Mobil & Kendaraan,17500,60,0,Y,,token ambigu (Tier D): DINO
REVIEW,low,D,-,POLICE,name,images=1,cms8wop1y00gbnrm4sz1ariag,MOBIL KTG OCT 6099 SPORT CAR POLICE,Kendaraan Mainan Anak Mobil Ktg Oct 6099 Sport Car Police,P-25110050,Mobil & Kendaraan,20000,18,0,Y,,token ambigu (Tier D): POLICE
REVIEW,low,D,-,CITY,name,images=1,cms8wop1y00ghnrm4u15qk5zw,MOBIL KTG RKC 02021-3 CITY POLICE,Kendaraan Mainan Anak Mobil Ktg Rkc 02021-3 City Police,P-25051087,Mobil & Kendaraan,14500,12,0,Y,,token ambigu (Tier D): CITY
REVIEW,low,D,-,POLICE,name,images=1,cms8wop1y00ginrm4xgzjaawr,MOBIL KTG RKC 02046-2 POLICE,Kendaraan Mainan Anak Mobil Ktg Rkc 02046-2 Police,8990001139224,Mobil & Kendaraan,16000,12,0,Y,,token ambigu (Tier D): POLICE
REVIEW,low,D,-,POLICE,name,images=1,cms8wop1y00gnnrm4rkm1w19i,MOBIL KTG RL589-14D ASSEMBLE POLICE CAR,Kendaraan Mainan Anak Mobil Ktg RL589-14D Assemble Police Car,P-24081245,Mobil & Kendaraan,75000,24,0,Y,,token ambigu (Tier D): POLICE
REVIEW,low,D,-,POLICE,name,,cms8wop9e00gonrm4kv5e8em1,MOBIL KTG RL589-16B ASSEMBLING POLICE FORCE,Kendaraan Mainan Anak Mobil Ktg RL589-16B Assembling Police Force,P-24071316,Mobil & Kendaraan,80000,24,0,Y,,token ambigu (Tier D): POLICE
REVIEW,low,D,-,POLICE,name,images=1,cms8wop9e00gtnrm4wbd7qfm1,MOBIL KTG YM-C37 DIY POLICE,Kendaraan Mainan Anak Mobil Ktg YM-C37 Diy Police,P-26060440,Mobil & Kendaraan,35000,12,0,Y,,token ambigu (Tier D): POLICE
REVIEW,low,D,-,POLICE,name,images=1,cms8wop9e00gxnrm4o5msu8ph,MOBIL MIKA 006A-34 POLICE,Kendaraan Mainan Anak Mobil Mika 006A-34 Police,P-25010682,Mobil & Kendaraan,36000,12,0,Y,,token ambigu (Tier D): POLICE
REVIEW,low,D,-,POLICE,name,images=1,cms8wop9e00h1nrm45btsh4s1,MOBIL MIKA EV-382082 POLICE,Kendaraan Mainan Anak Mobil Mika EV-382082 Police,8990001539161,Mobil & Kendaraan,32500,12,0,Y,,token ambigu (Tier D): POLICE
KEEP,high,B,Tayo,TAYO,name,images=1,cmryqhps000canrx491gq5qv2,MOBIL MIKA TATAYO 18,Kendaraan Mainan Anak Mobil Mika Tatayo 18,8990001731923,Mobil & Kendaraan,35000,12,0,,,
REVIEW,low,D,-,POLICE,name,images=1,cms8wop9e00h4nrm4w7clyy5k,MOBIL PB DUS 991-3D MINI CAR POLICE,Kendaraan Mainan Anak Mobil Pb Dus 991-3D Mini Car Police,P-23040956,Mobil & Kendaraan,45000,25,0,Y,,token ambigu (Tier D): POLICE
REVIEW,low,D,-,SUPER,name,images=1,cms8wop9e00h8nrm478kp8qgw,MOBIL POLISI BO DUS ST22-C20 SUPER POLICE,Kendaraan Mainan Anak Mobil Polisi Bo Dus ST22-C20 Super Police,8990001273478,Mobil & Kendaraan,30000,24,0,Y,,token ambigu (Tier D): SUPER
REVIEW,low,D,-,SUPER,name,images=1,cms8wop9e00h9nrm4af91beek,MOBIL RC 1008 KABEL SEDAN SUPER SPORT CAR,Kendaraan Mainan Anak Mobil Rc 1008 Kabel Sedan Super Sport Car,8990001442348,Mobil & Kendaraan,13500,65,0,Y,,token ambigu (Tier D): SUPER
REVIEW,low,D,-,POLICE,name,images=1,cms8wop9e00hbnrm4o37bp0zn,MOBIL RC 1800-2P RACE POLICE,Kendaraan Mainan Anak Mobil Rc 1800-2P Race Police,8990001758500,Mobil & Kendaraan,182500,9,0,Y,,token ambigu (Tier D): POLICE
REVIEW,low,D,-,POLICE,name,images=1,cms8wop9e00hcnrm41qduyedp,MOBIL RC 211 POLICE,Kendaraan Mainan Anak Mobil Rc 211 Police,P-23110380,Mobil & Kendaraan,60000,9,0,Y,,token ambigu (Tier D): POLICE
KEEP,high,B,Marvel,AVENGERS,name,images=1,cmryqhpzo00cenrx46ead6t9l,MOBIL RC 2396 PICK UP AVENGERS,Kendaraan Mainan Anak Mobil Rc 2396 Pick Up Avengers,P-25020116,Mobil & Kendaraan,75000,21,0,,,
KEEP,high,B,Tayo,TAYO,name,images=1,cmryqhq3d00cgnrx4z8axjs8v,MOBIL RC 2455A TAYO,Kendaraan Mainan Anak Mobil Rc 2455A Tayo,P-24070823,Mobil & Kendaraan,120000,22,0,,,
KEEP,high,B,DC Comics,BATMAN,name,images=1,cmryqhq7b00cinrx4wodwqi8u,MOBIL RC 252 BATMAN,Kendaraan Mainan Anak Mobil Rc 252 Batman,8990001805785,Mobil & Kendaraan,105000,6,0,,,
REVIEW,low,D,-,POLICE,name,images=1,cmryqhqb700cknrx4vpq7xlhi,MOBIL RC 777-8-24 POLICE,Kendaraan Mainan Anak Mobil Rc 777-8-24 Police,8990001147557,Mobil & Kendaraan,97500,8,0,Y,,token ambigu (Tier D): POLICE
KEEP,high,B,Marvel,AVENGERS,name,images=1,cmryqhqew00cmnrx4pe0gyzjn,MOBIL RC 889-173 AVENGERS,Kendaraan Mainan Anak Mobil Rc 889-173 Avengers,P-23060858,Mobil & Kendaraan,90000,12,0,,,
KEEP,high,B,Marvel,AVENGERS,name,images=1,cmryqhqio00conrx43e43cl3o,MOBIL RC 8890A/8808B AVENGERS,Kendaraan Mainan Anak Mobil Rc 8890A/8808B Avengers,P-25030225,Mobil & Kendaraan,82500,63,0,,,
KEEP,high,B,Marvel,AVENGERS,name,images=1,cmryqhqmf00cqnrx4xibjfyt2,MOBIL RC 899-60 AVENGERS,Kendaraan Mainan Anak Mobil Rc 899-60 Avengers,P-23090957,Mobil & Kendaraan,125000,18,0,,,
REVIEW,low,D,-,POLICE,name,images=1,cmryqhqq600csnrx49ot4n7lm,MOBIL RC 999-2 POLICE CAR OFF ROAD,Kendaraan Mainan Anak Mobil Rc 999-2 Police Car Off Road,8990001802043,Mobil & Kendaraan,145000,35,0,Y,,token ambigu (Tier D): POLICE
REVIEW,low,D,-,POLICE,name,images=1,cms8wop9e00hinrm4x97h0bqf,MOBIL RC AK0003 POLICE,Kendaraan Mainan Anak Mobil Rc AK0003 Police,P-25120382,Mobil & Kendaraan,77000,6,0,Y,,token ambigu (Tier D): POLICE
KEEP,high,B,Marvel,AVENGERS,name,images=1,cmryqhqxn00cwnrx46wv00gy9,MOBIL RC DH666-16 AVENGERS,Kendaraan Mainan Anak Mobil Rc DH666-16 Avengers,8990001376056,Mobil & Kendaraan,135000,6,0,,,
KEEP,high,B,Marvel,AVENGERS,name,images=1,cmryqhr1d00cynrx42m77zacs,MOBIL RC H407 AVENGERS SUPER HERO,Kendaraan Mainan Anak Mobil Rc H407 Avengers Super Hero,P-25030814,Mobil & Kendaraan,70000,12,0,,,
REVIEW,low,D,-,SUPER,name,images=1,cms8wop9e00hmnrm4dct8c0hc,MOBIL RC MIKA 88-21024P POLICE SUPER CAR,Kendaraan Mainan Anak Mobil Rc Mika 88-21024P Police Super Car,8990001224975,Mobil & Kendaraan,25000,31,0,Y,,token ambigu (Tier D): SUPER
REVIEW,low,D,-,POLICE,name,images=1,cms8wop9e00hnnrm4nirb9ch4,MOBIL RC MXH-01 POLICE CAR,Kendaraan Mainan Anak Mobil Rc MXH-01 Police Car,P-24070740,Mobil & Kendaraan,90000,12,0,Y,,token ambigu (Tier D): POLICE
REVIEW,low,D,-,POLICE,name,images=1,cms8wop9e00hqnrm4uffn6ee2,MOBIL RC PR-17228 POLICE-CAR,Kendaraan Mainan Anak Mobil Rc PR-17228 Police-Car,P-26070070,Mobil & Kendaraan,90000,12,0,Y,,token ambigu (Tier D): POLICE
REVIEW,low,D,-,POLICE,name,images=1,cms8wop9e00hrnrm4i0g1guh0,MOBIL RC PR-17367 POLICE CAR,Kendaraan Mainan Anak Mobil Rc PR-17367 Police Car,8990001670512,Mobil & Kendaraan,80000,36,0,Y,,token ambigu (Tier D): POLICE
REVIEW,low,D,-,SUPER,name,images=1,cms8wop9e00hsnrm4t06zm9m6,MOBIL RC SET 88-21027P POLICE SUPER CAR,Kendaraan Mainan Anak Mobil Rc Set 88-21027P Police Super Car,8990001470945,Mobil & Kendaraan,22500,48,0,Y,,token ambigu (Tier D): SUPER
REVIEW,low,D,-,CITY,name,images=1,cms8wop9e00htnrm4se42zzzh,MOBIL RC XH-06A CITY POLICE CAR,Kendaraan Mainan Anak Mobil Rc XH-06A City Police Car,P-24080822,Mobil & Kendaraan,90000,18,0,Y,,token ambigu (Tier D): CITY
REVIEW,low,D,-,POLICE,name,images=1,cmryqhrvb00denrx4854rzzoc,MOBIL SET 330-5B POLICE SERIES,Kendaraan Mainan Anak Mobil Set 330-5B Police Series,P-23101020,Mobil & Kendaraan,18500,12,0,Y,,token ambigu (Tier D): POLICE
REVIEW,low,D,-,CITY,name,images=1,cms8wop9e00hxnrm4jsmdmfwq,MOBIL SET 5PCS FORZA7 CITY VEHICLE,Kendaraan Mainan Anak Mobil Set 5PCS FORZA7 City Vehicle,P-24110361,Mobil & Kendaraan,17000,120,0,Y,,token ambigu (Tier D): CITY
REVIEW,low,D,-,POLICE,name,images=1,cms8wop9e00hynrm4a0mznivk,MOBIL SET 79037 POLICE SQUAD,Kendaraan Mainan Anak Mobil Set 79037 Police Squad,P-23050855,Mobil & Kendaraan,34000,12,0,Y,,token ambigu (Tier D): POLICE
KEEP,high,B,Marvel,AVENGERS,name,images=1,cmryqhs6j00dknrx4o04otpzl,MOBIL SET AVENGERS BARU AO3,Kendaraan Mainan Anak Mobil Set Avengers Baru AO3,P-23080918,Mobil & Kendaraan,13000,24,0,,,
KEEP,high,A,Hot Wheels,HOT WHEELS,name,ordered=1;images=1,cmryqhse100donrx4h2v2aiiu,MOBIL SET HOTWHEELS,Kendaraan Mainan Anak Mobil Set Hotwheels,P-26040835,Mobil & Kendaraan,29000,216,0,,,
REVIEW,low,D,-,POLICE,name,images=1,cms8wop9e00i2nrm46f0q2ptw,MOBIL SET KGP 69 POLICE,Kendaraan Mainan Anak Mobil Set Kgp 69 Police,P-24100755,Mobil & Kendaraan,24000,24,0,Y,,token ambigu (Tier D): POLICE
REVIEW,low,D,-,POLICE,name,images=1,cms8wop9e00i3nrm46rtjhwj8,MOBIL SET KGP 69 POLICE 3PC,Kendaraan Mainan Anak Mobil Set Kgp 69 Police 3PC,8990001504602,Mobil & Kendaraan,22000,36,0,Y,,token ambigu (Tier D): POLICE
KEEP,high,A,Tamiya,TAMIYA,name,images=1,cmryqhsws00dynrx4hbz7eww9,MOBIL SET MM 13 TAMIYA 4PCS,Mobil Diecast Koleksi Set Mm 13 Tamiya 4PCS,P-23060196,Mobil & Kendaraan,15500,12,0,,,
REVIEW,low,D,-,POLICE,name,images=1,cmryqht4d00e2nrx44jp0p2ag,MOBIL SET MP 807 ISI 2PCS POLICE RACING,Kendaraan Mainan Anak Mobil Set Mp 807 Isi 2PCS Police Racing,8990001078493,Mobil & Kendaraan,19500,12,0,Y,,token ambigu (Tier D): POLICE
REVIEW,low,D,-,CARS,name,images=1,cms8wop9e00ianrm4gcrc9s0m,MOBIL SET OCT 6226 RESCUE CARS,Kendaraan Mainan Anak Mobil Set Oct 6226 Rescue Cars,P-24020356,Mobil & Kendaraan,14000,60,0,Y,,token ambigu (Tier D): CARS
REVIEW,low,D,-,POLICE,name,images=1,cms8wop9e00ibnrm4aj5i98q0,MOBIL SET OCT 6236 POLICE CAR 5PCS,Kendaraan Mainan Anak Mobil Set Oct 6236 Police Car 5PCS,P-23110386,Mobil & Kendaraan,16500,36,0,Y,,token ambigu (Tier D): POLICE
REVIEW,low,D,-,POLICE,name,images=1,cmryqhtnk00ecnrx4l8treezy,MOBIL SET PD129 POLICE DEPT,Kendaraan Mainan Anak Mobil Set PD129 Police Dept,8990001792870,Mobil & Kendaraan,10000,12,0,Y,,token ambigu (Tier D): POLICE
REVIEW,low,D,-,POLICE,name,images=1,cms8wop9f00ifnrm4o6ahenfr,MOBIL SET POC914 POLICE,Kendaraan Mainan Anak Mobil Set POC914 Police,P-26020045,Mobil & Kendaraan,18500,6,0,Y,,token ambigu (Tier D): POLICE
KEEP,high,B,Tayo,TAYO,name,images=1,cmryqhtv700egnrx4sdwk9lqi,MOBIL SET TAYO MIKA+BAGASI MT 43,Kendaraan Mainan Anak Mobil Set Tayo Mika+Bagasi Mt 43,8990001709489,Mobil & Kendaraan,30000,85,0,,,
REVIEW,low,D,-,POLICE,name,images=1,cms8wop9f00iknrm4erogbkgy,MOBIL TUMBLING BO DUS 5288B POLICE,Kendaraan Mainan Anak Mobil Tumbling Bo Dus 5288B Police,P-23060519,Mobil & Kendaraan,20000,24,0,Y,,token ambigu (Tier D): POLICE
REVIEW,low,D,-,POLICE,name,images=1,cms8wop9f00ilnrm4flqrutj5,MOBIL TUMBLING BO DUS M21-6 POLICE,Kendaraan Mainan Anak Mobil Tumbling Bo Dus M21-6 Police,P-23100279,Mobil & Kendaraan,22500,12,0,Y,,token ambigu (Tier D): POLICE
KEEP,high,A,Mattel,THOMAS,name,images=1,cms8wop9f00imnrm4z6y1cwt1,MOBIL TUMBLING BO DUS V313 THOMAS KM,Kendaraan Mainan Anak Mobil Tumbling Bo Dus V313 Thomas Km,P-25051130,Mobil & Kendaraan,20000,12,0,,,
KEEP,high,A,Hasbro,MONOPOLI,name,images=1,cms8wop9f00innrm4vryl38jj,MONOPOLI DUS B106 MILLENNIALS,Mainan Permainan Keluarga Monopoli Dus B106 Millennials,P-25030495,Mobil & Kendaraan,100000,6,0,,,
KEEP,high,A,Hasbro,MONOPOLI,name,images=1,cms8wop9f00ionrm40sjqwoga,MONOPOLI DUS W006 4IN1 WAYANG,Mainan Permainan Keluarga Monopoli Dus W006 4IN1 Wayang,P-25030467,Mobil & Kendaraan,18000,12,0,,,
REVIEW,low,D,-,SUPER,name,images=1,cms8wop9f00ipnrm41vcs8cbq,MOTIFITI MIKA 877-5 SUPER TRUCK,Kendaraan Mainan Anak Motifiti Mika 877-5 Super Truck,P-24100539,Mobil & Kendaraan,38500,84,0,Y,,token ambigu (Tier D): SUPER
REVIEW,low,D,-,CITY,name,images=1,cms8wop9f00irnrm4qs82thjy,MOTOR DUS M2788A MODERN CITY,Motor Mainan Anak Dus M2788A Modern City,8990001470624,Mobil & Kendaraan,27000,112,0,Y,,token ambigu (Tier D): CITY
REVIEW,low,D,-,SUPER,name,images=1,cms8wop9f00iunrm4cekpsx04,MOTOR SET JM11435 SUPER MOTO,Motor Mainan Anak Set JM11435 Super Moto,P-24080077,Mobil & Kendaraan,10500,62,0,Y,,token ambigu (Tier D): SUPER
REVIEW,low,D,-,SPEED,name,images=1,cmryqhuei00eqnrx4yrftfgxe,MOTOR SET ST2183 MAX SPEED,Motor Mainan Anak Set ST2183 Max Speed,P-23041133,Mobil & Kendaraan,10000,78,0,Y,,token ambigu (Tier D): SPEED
KEEP,high,B,Sanrio,KUROMI,name,images=1,cms8wop9f00j4nrm4is65diw2,PB LOS TRUCK KUROMI,Kendaraan Mainan Anak Pb Los Truck Kuromi,P-24090446,Mobil & Kendaraan,30000,12,0,,,
KEEP,high,C,Pilot,PILOT,name,images=1,cmryqjc1w0177nrx485tya4cp,PESAWAT SET SPL-01 SANG PILOT,Kendaraan Mainan Anak Pesawat Set SPL-01 Sang Pilot,8990001829453,Mobil & Kendaraan,18500,57,0,,,
KEEP,high,A,Bandai,GUNDAM,name,images=1,cms8wopko00jhnrm42vo0lnzx,PISTOL SET RC-2001 GUNDAM,Mainan Tembak Anak Pistol Set RC-2001 Gundam,P-23050904,Mobil & Kendaraan,19000,12,0,,,
REVIEW,low,D,-,ROBOT,name,images=1,cms8wopko00jmnrm4b6b2zuja,ROBOT RC 1869 AUTOBOTS,Mainan Robot Figur Anak Rc 1869 Autobots,P-23040428,Mobil & Kendaraan,142500,6,0,Y,,token ambigu (Tier D): ROBOT
KEEP,high,B,Marvel,AVENGERS,name,images=1,cmryqhum600eunrx43jn9tlmm,ROBOT SET MD1819D AVENGERS RC,Mainan Robot Figur Anak Set MD1819D Avengers Rc,P-25100501,Mobil & Kendaraan,10000,12,0,,,
REVIEW,low,D,-,POLICE,name,images=1,cms8wopko00jnnrm4g24dkbe8,ROMPI KTG 45-9 POLICE,Kendaraan Mainan Anak Rompi Ktg 45-9 Police,P-25060275,Mobil & Kendaraan,51000,18,0,Y,,token ambigu (Tier D): POLICE
KEEP,high,B,Sanrio,KUROMI,name,images=1,cms8wopko00jonrm440buqben,SALON KOPER BTC-2201 KUROMI,Kendaraan Mainan Anak Salon Koper BTC-2201 Kuromi,,Mobil & Kendaraan,45000,12,0,,,
KEEP,high,B,Sanrio,KUROMI,name,images=1,cmryqhuq100ewnrx4nb9ckk5o,SALON KOPER BTC-2201 KUROMI RC,Kendaraan Mainan Anak Salon Koper BTC-2201 Kuromi Rc,P-26030111,Mobil & Kendaraan,45000,12,0,,,
KEEP,high,A,Barbie,BARBIE,name,images=1,cmryqhuto00eynrx43ynhr5w3,SEPATU BARBIE SET X8-1 PRETTY GIRLS RC,Kendaraan Mainan Anak Sepatu Barbie Set X8-1 Pretty Girls Rc,P-25120143,Mobil & Kendaraan,7500,12,0,,,
KEEP,high,A,Tamiya,TAMIYA,name,images=1,cmryqhv1100f2nrx4m81qhbn9,TAMIYA BO MIKA 007A JINSUI,Mobil Diecast Koleksi Tamiya Bo Mika 007A Jinsui,8990001421923,Mobil & Kendaraan,22500,258,0,,,
KEEP,high,A,Tamiya,TAMIYA,name,images=1,cmryqhv4v00f4nrx43zkthpp7,TAMIYA BO MIKA 6566A BR B,Mobil Diecast Koleksi Tamiya Bo Mika 6566A Br B,P-26040959,Mobil & Kendaraan,22500,24,0,,,
KEEP,high,A,Tamiya,TAMIYA,name,images=1,cmryqhv8n00f6nrx4x2h8ss4n,TAMIYA MIKA 4778 A KSATRIA GALAXY,Mobil Diecast Koleksi Tamiya Mika 4778 A Ksatria Galaxy,8990001295111,Mobil & Kendaraan,20000,1,0,,,
KEEP,high,A,Tamiya,TAMIYA,name,images=1,cmryqhvg400fanrx40iu6htgq,TAMIYA MIKA 6566B 4WD CAR RACER RC,Mobil Diecast Koleksi Tamiya Mika 6566B 4WD Car Racer Rc,P-24100019,Mobil & Kendaraan,21000,36,0,,,
KEEP,high,B,Tayo,TAYO,name,images=1,cmryqhvju00fcnrx4gt57ao4y,TAYO+GARASI SET MT 44 THE LITTLE BUS STATION,Kendaraan Mainan Anak Tayo+Garasi Set Mt 44 The Little Bus Station,8990001731954,Mobil & Kendaraan,50000,158,0,,,
REVIEW,low,?,-,TOYO,name,images=1,cms8wopko00jpnrm4xec0x8ki,TOYO GARASI SET RKC02237-3 THE LITTLE BUS,Kendaraan Mainan Anak Toyo Garasi Set RKC02237-3 The Little Bus,P-24070115,Mobil & Kendaraan,12500,99,0,Y,,kemungkinan merek lokal/tak dikenal: TOYO
REVIEW,low,D,-,DINO,name,images=1,cms8wopko00kbnrm4030ioyws,TRUK KTG DINO DUMP,Mainan Figur Dinosaurus Truk Ktg Dino Dump,P-23090197,Mobil & Kendaraan,17500,114,0,Y,,token ambigu (Tier D): DINO
REVIEW,low,D,-,CITY,name,images=1,cms8wopko00kjnrm4v8i7468m,TRUK KTG OCT 6128 CITY BUILDER,Kendaraan Mainan Anak Truk Ktg Oct 6128 City Builder,P-23110751,Mobil & Kendaraan,19000,71,0,Y,,token ambigu (Tier D): CITY
KEEP,high,B,Sanrio,KUROMI,name,images=1,cms8wopkp00l0nrm4cwucdnd0,UBUR NYALA KUROMI,Kendaraan Mainan Anak Ubur Nyala Kuromi,,Mobil & Kendaraan,12500,20,0,,,
KEEP,high,B,Sanrio,KUROMI,name,images=1,cmryqhvyq00fknrx44tzj47do,UBUR NYALA KUROMI RC,Kendaraan Mainan Anak Ubur Nyala Kuromi Rc,P-25030471,Mobil & Kendaraan,12500,20,0,,,
KEEP,high,B,Marvel,AVENGERS,name,images=1,cmryqhw2f00fmnrx4wx97wxol,WALKIE TALKIE MIKA 777-3 AVENGERS RC,Kendaraan Mainan Anak Walkie Talkie Mika 777-3 Avengers Rc,P-26040105,Mobil & Kendaraan,45000,6,0,,,
REVIEW,low,D,-,DINO,name,images=1,cms8wopzu00nknrm45y2kt48s,CELENGAN DINO KARET JALA AR 86,Celengan Lucu Anak Dino Karet Jala Ar 86,P-24120669,Outdoor & Olahraga,36000,30,0,Y,,token ambigu (Tier D): DINO
REVIEW,low,D,-,DINO,name,images=1,cmryqi16700ibnrx4o0vrfwqt,CICIT DINO JALA PCT-217-5,Mainan Bunyi Bayi Cicit Dino Jala PCT-217-5,P-24010684,Outdoor & Olahraga,16500,36,0,Y,,token ambigu (Tier D): DINO
REVIEW,low,D,-,DINO,name,images=1,cms8wopzu00nxnrm4qed67383,CITCIT DINO JALA PCT-216-AN-7 BRACHIOSAURUS,Mainan Figur Dinosaurus Citcit Dino Jala PCT-216-AN-7 Brachiosaurus,P-23110157,Outdoor & Olahraga,20000,24,0,Y,,token ambigu (Tier D): DINO
REVIEW,low,D,-,DINO,name,images=1,cms8wopzv00nznrm4atckewo8,CITCIT JALA DINO PCT-218,Mainan Figur Dinosaurus Citcit Jala Dino PCT-218,P-23040871,Outdoor & Olahraga,16500,66,0,Y,,token ambigu (Tier D): DINO
REVIEW,low,D,-,DINO,name,images=1,cms8wopzv00o0nrm4bc4rxmk6,CITCIT JALA PCT-220-AN-1 DINO,Mainan Figur Dinosaurus Citcit Jala PCT-220-AN-1 Dino,P-23040852,Outdoor & Olahraga,16500,25,0,Y,,token ambigu (Tier D): DINO
KEEP,high,B,Sanrio,KUROMI,name,images=1,cms8wopzv00o2nrm4f16ecu9d,CITCIT KUROMI NYALA JALA,Mainan Outdoor Olahraga Anak Citcit Kuromi Nyala Jala,P-25070268,Outdoor & Olahraga,17500,12,0,,,
REVIEW,low,D,-,SUPER,name,images=1,cms8wopzv00ojnrm4f0mw6lg7,GANGSING BO DUS BJ218-4 SUPER POWER GYRO,Mainan Gasing Adu Putar Gangsing Bo Dus BJ218-4 Super Power Gyro,P-24070251,Outdoor & Olahraga,42500,30,0,Y,,token ambigu (Tier D): SUPER
KEEP,high,A,Beyblade,BEYBLADE,name,images=1,cms8wopzv00oqnrm4ry24udqa,GANGSING DUS 2013-37 BEYBLADE,Mainan Gasing Adu Putar Gangsing Dus 2013-37 Beyblade,P-25010568,Outdoor & Olahraga,26000,120,0,,,
KEEP,high,A,Beyblade,BEYBLADE,name,images=1,cms8wopzv00ornrm4v7ml7r4w,GANGSING DUS 2013-65 BEYBLADE,Mainan Gasing Adu Putar Gangsing Dus 2013-65 Beyblade,P-24090767,Outdoor & Olahraga,22500,12,0,,,
KEEP,high,A,Beyblade,BEYBLADE,name,images=1,cms8wopzv00osnrm4fnv7msrc,GANGSING DUS 2013-66 BEYBLADE,Mainan Gasing Adu Putar Gangsing Dus 2013-66 Beyblade,P-26041090,Outdoor & Olahraga,24000,12,0,,,
KEEP,high,A,Beyblade,BEYBLADE,name,images=1,cms8wopzv00ounrm4gtycsnqr,GANGSING DUS 2019 BEYBLADE,Mainan Gasing Adu Putar Gangsing Dus 2019 Beyblade,P-23070708,Outdoor & Olahraga,18500,12,0,,,
KEEP,high,A,Beyblade,BEYBLADE,name,images=1,cms8wopzv00ovnrm4vt4xwl3d,GANGSING DUS 209B BEYBLADE,Mainan Gasing Adu Putar Gangsing Dus 209B Beyblade,P-26010350,Outdoor & Olahraga,14000,12,0,,,
KEEP,high,A,Beyblade,BEYBLADE,name,images=1,cms8wopzv00oxnrm49onusr46,GANGSING DUS 3316 BEYBLADE,Mainan Gasing Adu Putar Gangsing Dus 3316 Beyblade,P-24070383,Outdoor & Olahraga,37500,50,0,,,
KEEP,high,A,Beyblade,BEYBLADE,name,images=1,cms8wopzv00oynrm4oiumu28a,GANGSING DUS 3319 BEYBLADE,Mainan Gasing Adu Putar Gangsing Dus 3319 Beyblade,P-24090273,Outdoor & Olahraga,37500,38,0,,,
KEEP,high,A,Beyblade,BEYBLADE,name,images=1;dup_of=cms8wooer00cunrm4r9dzh19j,cms8wopzv00oznrm41ths1gvb,GANGSING DUS 3368 BEYBLADE,Mainan Gasing Adu Putar Gangsing Dus 3368 Beyblade,P-25120068,Outdoor & Olahraga,37500,12,0,Y,,duplikat nama dengan cms8wooer00cunrm4r9dzh19j
KEEP,high,A,Beyblade,BEYBLADE,name,images=1,cms8woq8w00p0nrm4986h3is0,GANGSING DUS 3369 BEYBLADE,Mainan Gasing Adu Putar Gangsing Dus 3369 Beyblade,P-24070381,Outdoor & Olahraga,37500,90,0,,,
KEEP,high,A,Beyblade,BEYBLADE,name,images=1,cms8woq8w00p1nrm408zeieku,GANGSING DUS 66165 BEYBLADE,Mainan Gasing Adu Putar Gangsing Dus 66165 Beyblade,P-23041259,Outdoor & Olahraga,25000,96,0,,,
KEEP,high,A,Beyblade,BEYBLADE,name,images=1,cms8woq8w00p2nrm45pi2jms6,GANGSING DUS 66166-4 BEYBLADE,Mainan Gasing Adu Putar Gangsing Dus 66166-4 Beyblade,P-23041243,Outdoor & Olahraga,32500,72,0,,,
KEEP,high,A,Beyblade,BEYBLADE,name,images=1,cms8woq8w00p3nrm4nvtd2wxf,GANGSING DUS 66167 BEY BLADE,Mainan Gasing Adu Putar Gangsing Dus 66167 Bey Blade,P-23040636,Outdoor & Olahraga,24000,131,0,,,
KEEP,high,A,Beyblade,BEYBLADE,name,images=1,cms8woq8w00p4nrm409vkhv0y,GANGSING DUS 66179-2 BEYBLADE,Mainan Gasing Adu Putar Gangsing Dus 66179-2 Beyblade,P-24051396,Outdoor & Olahraga,22000,31,0,,,
KEEP,high,A,Beyblade,BEYBLADE,name,images=1,cms8woq8w00p6nrm47eq1ucbi,GANGSING DUS 66181 BEY BLADE,Mainan Gasing Adu Putar Gangsing Dus 66181 Bey Blade,P-23040637,Outdoor & Olahraga,32000,120,0,,,
KEEP,high,A,Beyblade,BEYBLADE,name,images=1,cms8woq8x00p8nrm44336owfj,GANGSING DUS 8219 BEYBLADE,Mainan Gasing Adu Putar Gangsing Dus 8219 Beyblade,8990001497713,Outdoor & Olahraga,16500,78,0,,,
REVIEW,low,D,-,SUPER,name,images=1,cms8woq8x00p9nrm4jpjbtc90,GANGSING DUS 836 SUPER POWER,Mainan Gasing Adu Putar Gangsing Dus 836 Super Power,P-23070369,Outdoor & Olahraga,18500,91,0,Y,,token ambigu (Tier D): SUPER
KEEP,high,A,Beyblade,BEYBLADE,name,images=1,cms8woq8x00panrm4dw8o03pc,GANGSING DUS 8855 BEYBLADE,Mainan Gasing Adu Putar Gangsing Dus 8855 Beyblade,P-25010767,Outdoor & Olahraga,22500,108,0,,,
KEEP,high,A,Beyblade,BEYBLADE,name,images=1,cms8woq8x00pdnrm4ot247qv8,GANGSING DUS BB801 BEYBLADE,Mainan Gasing Adu Putar Gangsing Dus BB801 Beyblade,8990001826599,Outdoor & Olahraga,45000,51,0,,,
KEEP,high,A,Beyblade,BEYBLADE,name,images=1,cms8woq8x00penrm43alhub4u,GANGSING DUS BB801A BEYBLADE,Mainan Gasing Adu Putar Gangsing Dus BB801A Beyblade,8990001826629,Outdoor & Olahraga,27000,72,0,,,
KEEP,high,A,Beyblade,BEYBLADE,name,images=1,cms8woq8x00pfnrm4l4olpj52,GANGSING DUS BB803 BEYBLADE,Mainan Gasing Adu Putar Gangsing Dus BB803 Beyblade,P-23080897,Outdoor & Olahraga,22500,24,0,,,
REVIEW,low,D,-,SUPER,name,images=1,cms8woq8x00phnrm4awg31gnl,GANGSING DUS BY 62 SUPER TOP,Mainan Gasing Adu Putar Gangsing Dus By 62 Super Top,P-24120069,Outdoor & Olahraga,15000,66,0,Y,,token ambigu (Tier D): SUPER
KEEP,high,A,Beyblade,BEYBLADE,name,images=1,cms8woq8x00pinrm49frymsj8,GANGSING DUS BY501 BEYBLADE,Mainan Gasing Adu Putar Gangsing Dus BY501 Beyblade,8990001693238,Outdoor & Olahraga,22500,27,0,,,
KEEP,high,A,Beyblade,BEYBLADE,name,images=1,cms8woq8x00pjnrm4eeof9fo4,GANGSING DUS BY501C BEYBLADE,Mainan Gasing Adu Putar Gangsing Dus BY501C Beyblade,P-23030021,Outdoor & Olahraga,35000,48,0,,,
KEEP,high,A,Beyblade,BEYBLADE,name,images=1,cms8woq8x00pnnrm4a97cc657,GANGSING DUS BY502B BEYBLADE,Mainan Gasing Adu Putar Gangsing Dus BY502B Beyblade,P-23030018,Outdoor & Olahraga,26000,12,0,,,
KEEP,high,A,Beyblade,BEYBLADE,name,images=1,cms8woq8x00ponrm4ku447mk1,GANGSING DUS BY514 BEYBLADE,Mainan Gasing Adu Putar Gangsing Dus BY514 Beyblade,8990001826582,Outdoor & Olahraga,45000,24,0,,,
KEEP,high,A,Beyblade,BEYBLADE,name,images=1,cms8woq8x00pqnrm40thnllrw,GANGSING DUS BY533 BEYBLADE,Mainan Gasing Adu Putar Gangsing Dus BY533 Beyblade,8990001828692,Outdoor & Olahraga,45000,42,0,,,
KEEP,high,A,Beyblade,BEYBLADE,name,images=1,cms8woq8x00prnrm45ckojqrt,GANGSING DUS CC2016 BEYBLADE,Mainan Gasing Adu Putar Gangsing Dus CC2016 Beyblade,P-23051074,Outdoor & Olahraga,20000,97,0,,,
KEEP,high,A,Beyblade,BEYBLADE,name,images=1,cms8woq8x00punrm4ay7nd9m5,GANGSING DUS JM90041-BG BEYBLADE,Mainan Gasing Adu Putar Gangsing Dus JM90041-BG Beyblade,P-25041010,Outdoor & Olahraga,22500,162,0,,,
KEEP,high,A,Beyblade,BEYBLADE,name,images=1,cms8woq8x00q1nrm4cesbqy4q,GANGSING MIKA 66177 BEYBLADE,Mainan Gasing Adu Putar Gangsing Mika 66177 Beyblade,P-23060089,Outdoor & Olahraga,30000,33,0,,,
REVIEW,low,D,-,SUPER,name,images=1,cms8woq8x00q2nrm4ww96h756,GANGSING MIKA BY 56 SUPER TOP,Mainan Gasing Adu Putar Gangsing Mika By 56 Super Top,P-25030882,Outdoor & Olahraga,16000,36,0,Y,,token ambigu (Tier D): SUPER
KEEP,high,B,Pokemon,PIKACHU,name,images=1,cms8woq8x00q4nrm4ioyngpvm,GANGSING PIKACHU 866 LOS,Mainan Gasing Adu Putar Gangsing Pikachu 866 Los,P-23040172,Outdoor & Olahraga,22500,36,0,,,
KEEP,high,B,Marvel,AVENGERS,name,images=1,cmryqi1w400ipnrx4798zojpg,GANGSING SET 101-2 AVENGERS,Mainan Gasing Adu Putar Gangsing Set 101-2 Avengers,P-25020782,Outdoor & Olahraga,17500,12,0,,,
REVIEW,low,D,-,SUPER,name,images=1,cms8woq8x00q7nrm4imry70v4,GANGSING SET 2306 SUPER SPIN TOP,Mainan Gasing Adu Putar Gangsing Set 2306 Super Spin Top,P-24051434,Outdoor & Olahraga,25000,30,0,Y,,token ambigu (Tier D): SUPER
REVIEW,low,D,-,SUPER,name,images=1,cms8woq8x00q9nrm4eh201key,GANGSING SET 628-2 SUPER SPIN TOP,Mainan Gasing Adu Putar Gangsing Set 628-2 Super Spin Top,P-24070254,Outdoor & Olahraga,26000,30,0,Y,,token ambigu (Tier D): SUPER
REVIEW,low,D,-,TAS,name,images=1,cmryqi2lv00j3nrx4l0bjwqvq,KACAMATA RENANG SPEEDO TAS DOMPET,Perlengkapan Renang Anak Kacamata Renang Speedo Tas Dompet,8990001295517,Outdoor & Olahraga,90000,36,0,Y,,token ambigu (Tier D): TAS
REVIEW,low,D,-,SUPER,name,images=1,cmryqi34j00jdnrx4f2sbwmpa,KCMATA RENANG SET 1198NE AQUATIC SUPER GOGGLES,Perlengkapan Renang Anak Kcmata Renang Set 1198NE Aquatic Super Goggles,8990001782239,Outdoor & Olahraga,15000,36,0,Y,,token ambigu (Tier D): SUPER
REVIEW,low,D,-,SUPER,name,images=1,cms8woq8y00r5nrm49t0om84j,PALU JALA AR 613 PALU SUPER,Mainan Outdoor Olahraga Anak Palu Jala Ar 613 Palu Super,P-25030185,Outdoor & Olahraga,10000,36,0,Y,,token ambigu (Tier D): SUPER
REVIEW,low,D,-,SUPER,name,images=1,cms8woq8y00rfnrm41pnz8cae,PANAH KTG MU 01 PEMANAH SUPER,Mainan Pedang Kostum Anak Panah Ktg Mu 01 Pemanah Super,8990001634163,Outdoor & Olahraga,19000,25,0,Y,,token ambigu (Tier D): SUPER
KEEP,high,B,Marvel,AVENGERS,name,images=1,cmryqi4e800k1nrx45ejt8ync,PANAH SET 666 AVENGERS,Mainan Pedang Kostum Anak Panah Set 666 Avengers,8990001020362,Outdoor & Olahraga,20000,6,0,,,
KEEP,high,B,Sanrio,KUROMI,name,images=1,cms8woq8y00rlnrm42ledkjnj,PANCING BO DUS 2608Z KUROMI,Mainan Pancing Edukatif Anak Bo Dus 2608Z Kuromi,P-25030516,Outdoor & Olahraga,37000,24,0,,,
REVIEW,low,D,-,DINO,name,images=1,cmryqi50d00kdnrx46kwedzh4,PANCING PUTAR SET 521 DINO,Mainan Pancing Edukatif Anak Putar Set 521 Dino,P-23080271,Outdoor & Olahraga,13000,36,0,Y,,token ambigu (Tier D): DINO
REVIEW,low,D,-,POLICE,name,images=1,cmryqi6jz00l7nrx4czu4z8p2,PEDANG+PANAH SET LD-631-209 POLICE AK-47,Mainan Pedang Kostum Anak Pedang+Panah Set LD-631-209 Police AK-47,8990001707362,Outdoor & Olahraga,27000,12,0,Y,,token ambigu (Tier D): POLICE
REVIEW,low,D,-,SUPER,name,images=1,cms8woqkp00t5nrm4s3wzjmkg,PISTOL AIR KTG BI 43 SUPER WATER GUN,Mainan Tembak Anak Pistol Air Ktg Bi 43 Super Water Gun,P-24040788,Outdoor & Olahraga,32500,79,0,Y,,token ambigu (Tier D): SUPER
REVIEW,low,D,-,SUPER,name,images=1,cms8woqkp00t8nrm42cfz7hmx,PISTOL AIR KTG BP8840 SUPER DAHSYAT,Mainan Tembak Anak Pistol Air Ktg BP8840 Super Dahsyat,8990001636136,Outdoor & Olahraga,36500,34,0,Y,,token ambigu (Tier D): SUPER
KEEP,high,A,Mattel,THOMAS,name,images=1,cms8woqkq00u1nrm4wprbsi0d,PISTOL BUBBLE SET 333-2 THOMAS,Mainan Gelembung Sabun Pistol Bubble Set 333-2 Thomas,P-26020030,Outdoor & Olahraga,15000,11,0,,,
REVIEW,low,D,-,SPEED,name,images=1,cmryqi6nq00l9nrx43hxcvucy,PISTOL GELEMBUNG BO SET B118 BUBBLE GUN SEDA SPEED,Mainan Gelembung Sabun Pistol Gelembung Bo Set B118 Bubble Gun Seda Speed,8990001742455,Outdoor & Olahraga,16000,36,0,Y,,token ambigu (Tier D): SPEED
REVIEW,low,D,-,TAS,name,images=1,cms8woqx500uknrm4bueqrs8k,RAKET BADMINTON YONEX TAS AERO POWER,Mainan Olahraga Anak Raket Badminton Yonex Tas Aero Power,8990001353125,Outdoor & Olahraga,80000,76,0,Y,,token ambigu (Tier D): TAS
KEEP,high,B,Sanrio,KUROMI,name,images=1,cms8woqx600vnnrm481z3xze0,RING DONAT JALA ST3-538 KUROMI,Mainan Outdoor Olahraga Anak Ring Donat Jala ST3-538 Kuromi,P-25100971,Outdoor & Olahraga,16500,24,0,,,
KEEP,high,B,Labubu,LABUBU,name,images=1,cmryqi7sh00lvnrx4mq1gdwdm,S LABUBU LED JALA,Mainan Outdoor Olahraga Anak S Labubu Led Jala,P-25040030,Outdoor & Olahraga,16000,36,0,,,
KEEP,high,C,Kenko,KENKO,name,images=1,cms8woqx600wwnrm49p9o3puj,YOYO ID CARD KENKO GLR,Gantungan ID Card Yoyo Id Card Kenko Glr,P-24100480,Outdoor & Olahraga,3000,30,0,,,
KEEP,high,B,Marvel,AVENGERS,name,images=1,cmryqi8m900mbnrx4xjnrndnf,YOYO SET 1338-1 AVENGERS,Mainan Putar Yoyo Bearing Set 1338-1 Avengers,P-24050505,Outdoor & Olahraga,8000,12,0,,,
REVIEW,low,D,-,SUPER,name,images=1,cms8woqx700x3nrm4kbrjds32,YOYO SET 2021D SUPER,Mainan Putar Yoyo Bearing Set 2021D Super,8990001832132,Outdoor & Olahraga,10000,72,0,Y,,token ambigu (Tier D): SUPER
KEEP,high,B,Labubu,LABUBU,name,images=1,cmryqie7k00p5nrx4x4xxt742,BANTAL KPL LABUBU UKEO2,Perlengkapan Rumah Tangga Bantal Kpl Labubu UKEO2,P-24090554,Perlengkapan Rumah,70000,15,0,,,
KEEP,high,B,Sanrio,KUROMI,name,images=1,cmryqihn600qznrx4i9nw1ili,BNTL KPL KUROMI EBO3,Perlengkapan Rumah Tangga Bntl Kpl Kuromi EBO3,P-24120044,Perlengkapan Rumah,37000,8,0,,,
KEEP,high,B,Sanrio,KUROMI,name,images=1,cmryqihqu00r1nrx4tat4e6cl,BNTL LEHER BORDIR KUROMI EIO3,Perlengkapan Rumah Tangga Bntl Leher Bordir Kuromi EIO3,P-26010157,Perlengkapan Rumah,38000,6,0,,,
KEEP,high,B,Sanrio,SANRIO,name,images=1,cmryqihuk00r3nrx4wu70r4ky,BNTL LEHER SANRIO NB UIO3,Perlengkapan Rumah Tangga Bntl Leher Sanrio Nb UIO3,P-24050363,Perlengkapan Rumah,70000,12,0,,,
KEEP,high,B,Labubu,LABUBU,name,images=1,cmryqijmj00s1nrx4rg1aqgkx,BOTOL BE LABUBU LA A,Perlengkapan Rumah Tangga Botol Be Labubu La A,P-24100924,Perlengkapan Rumah,19000,12,0,,,
KEEP,high,B,Labubu,LABUBU,name,images=1,cmryqijq900s3nrx409vfre55,BOTOL BE LABUBU LA B,Perlengkapan Rumah Tangga Botol Be Labubu La B,P-24100925,Perlengkapan Rumah,20000,12,0,,,
KEEP,high,B,Labubu,LABUBU,name,images=1,cmryqiju300s5nrx41cpg2kj5,BOTOL BE LABUBU LA C,Perlengkapan Rumah Tangga Botol Be Labubu La C,P-24100926,Perlengkapan Rumah,21000,12,0,,,
KEEP,high,B,Sanrio,SANRIO,name,images=1,cmryqijxx00s7nrx4t8dvxt7q,BOTOL BE SANRIO JJO3 LA A,Perlengkapan Rumah Tangga Botol Be Sanrio JJO3 La A,P-26051255,Perlengkapan Rumah,14000,7,0,,,
KEEP,high,B,Sanrio,SANRIO,name,images=1,cmryqik1r00s9nrx4z9mawxz2,BOTOL BE SANRIO JJO3 LA B,Perlengkapan Rumah Tangga Botol Be Sanrio JJO3 La B,P-26051256,Perlengkapan Rumah,15000,5,0,,,
KEEP,high,B,Sanrio,SANRIO,name,images=1,cmryqik5h00sbnrx4avmxrgdf,BOTOL BE SANRIO JJO3 LA C,Perlengkapan Rumah Tangga Botol Be Sanrio JJO3 La C,P-26051257,Perlengkapan Rumah,16000,4,0,,,
KEEP,high,C,Kenko,KENKO,name,images=1,cmryqim0p00tbnrx4w8w5pbze,DISPENSER TAPE TD-201 KENKO,Alat Tulis Sekolah Dispenser Tape TD-201 Kenko,8990001690664,Perlengkapan Rumah,20000,17,0,,,
KEEP,high,B,Sanrio,SANRIO,name,images=1,cmryqinkq00u5nrx40fq2xtg0,GELAS TERMOS SEDOT SANRIO 890ML,Perlengkapan Rumah Tangga Gelas Termos Sedot Sanrio 890ML,P-24090575,Perlengkapan Rumah,57500,3,0,,,
KEEP,high,B,Labubu,LABUBU,name,images=1,cmryqir7u00w3nrx46p7qz2xa,KESET LABUBU LA W,Perlengkapan Rumah Tangga Keset Labubu La W,P-24100798,Perlengkapan Rumah,32000,16,0,,,
KEEP,high,B,Sanrio,SANRIO,name,images=1,cmryqirmk00wbnrx4ozubofm8,KIPAS PELUIT SANRIO,Perlengkapan Rumah Tangga Kipas Peluit Sanrio,P-24010934,Perlengkapan Rumah,2500,36,0,,,
KEEP,high,B,Sanrio,KUROMI,name,images=1,cmryqirqc00wdnrx4hvuhyg0m,KIPAS PLASTIK 101-1 KUROMI,Perlengkapan Rumah Tangga Kipas Plastik 101-1 Kuromi,P-24080203,Perlengkapan Rumah,4500,1,0,,,
KEEP,high,B,Disney,DISNEY,name,images=1,cmryqj16e011fnrx45yo1mx24,PAYUNG ANAK KARAKTER DISNEY,Perlengkapan Rumah Tangga Payung Anak Karakter Disney,P-23120935,Perlengkapan Rumah,33000,18,0,,,